PassengerId,Survived,Pclass,Sex,Age,SibSp,Parch,FamilySize,IsAlone,TicketGroupSize,Fare,FarePerPerson,FarePerTicketPerson,Cabin,Deck,has_cabin,Title_Master,Title_Miss,Title_Mr,Title_Mrs,Title_Other,Embarked_C,Embarked_Q,Embarked_S
1,0,3,1,22.0,1,0,2,0,1,7.25,3.625,7.25,,0.0,0,False,False,True,False,False,False,False,True
2,1,1,0,38.0,1,0,2,0,1,71.2833,35.64165,71.2833,C85,3.0,1,False,False,False,True,False,True,False,False
3,1,3,0,26.0,0,0,1,1,1,7.925,7.925,7.925,,0.0,0,False,True,False,False,False,False,False,True
4,1,1,0,35.0,1,0,2,0,2,53.1,26.55,26.55,C123,3.0,1,False,False,False,True,False,False,False,True
5,0,3,1,35.0,0,0,1,1,1,8.05,8.05,8.05,,0.0,0,False,False,True,False,False,False,False,True
6,0,3,1,28.0,0,0,1,1,1,8.4583,8.4583,8.4583,,0.0,0,False,False,True,False,False,False,True,False
7,0,1,1,54.0,0,0,1,1,1,51.8625,51.8625,51.8625,E46,5.0,1,False,False,True,False,False,False,False,True
8,0,3,1,2.0,3,1,5,0,4,21.075,4.215,5.26875,,0.0,0,True,False,False,False,False,False,False,True
9,1,3,0,27.0,0,2,3,0,3,11.1333,3.7111,3.7111,,0.0,0,False,False,False,True,False,False,False,True
10,1,2,0,14.0,1,0,2,0,2,30.0708,15.0354,15.0354,,0.0,0,False,False,False,True,False,True,False,False
11,1,3,0,4.0,1,1,3,0,2,16.7,5.566666666666666,8.35,G6,0.0,1,False,True,False,False,False,False,False,True
12,1,1,0,58.0,0,0,1,1,1,26.55,26.55,26.55,C103,3.0,1,False,True,False,False,False,False,False,True
13,0,3,1,20.0,0,0,1,1,1,8.05,8.05,8.05,,0.0,0,False,False,True,False,False,False,False,True
14,0,3,1,39.0,1,5,7,0,7,31.275,4.4678571428571425,4.4678571428571425,,0.0,0,False,False,True,False,False,False,False,True
15,0,3,0,14.0,0,0,1,1,1,7.8542,7.8542,7.8542,,0.0,0,False,True,False,False,False,False,False,True
16,1,2,0,55.0,0,0,1,1,1,16.0,16.0,16.0,,0.0,0,False,False,False,True,False,False,False,True
17,0,3,1,2.0,4,1,6,0,5,29.125,4.854166666666667,5.825,,0.0,0,True,False,False,False,False,False,True,False
18,1,2,1,28.0,0,0,1,1,1,13.0,13.0,13.0,,0.0,0,False,False,True,False,False,False,False,True
19,0,3,0,31.0,1,0,2,0,1,18.0,9.0,18.0,,0.0,0,False,False,False,True,False,False,False,True
20,1,3,0,28.0,0,0,1,1,1,7.225,7.225,7.225,,0.0,0,False,False,False,True,False,True,False,False
21,0,2,1,35.0,0,0,1,1,2,26.0,26.0,13.0,,0.0,0,False,False,True,False,False,False,False,True
22,1,2,1,34.0,0,0,1,1,1,13.0,13.0,13.0,D56,4.0,1,False,False,True,False,False,False,False,True
23,1,3,0,15.0,0,0,1,1,1,8.0292,8.0292,8.0292,,0.0,0,False,True,False,False,False,False,True,False
24,1,1,1,28.0,0,0,1,1,1,35.5,35.5,35.5,A6,1.0,1,False,False,True,False,False,False,False,True
25,0,3,0,8.0,3,1,5,0,4,21.075,4.215,5.26875,,0.0,0,False,True,False,False,False,False,False,True
26,1,3,0,38.0,1,5,7,0,4,31.3875,4.483928571428572,7.846875,,0.0,0,False,False,False,True,False,False,False,True
27,0,3,1,28.0,0,0,1,1,1,7.225,7.225,7.225,,0.0,0,False,False,True,False,False,True,False,False
28,0,1,1,19.0,3,2,6,0,4,263.0,43.833333333333336,65.75,C23 C25 C27,3.0,1,False,False,True,False,False,False,False,True
29,1,3,0,28.0,0,0,1,1,1,7.8792,7.8792,7.8792,,0.0,0,False,True,False,False,False,False,True,False
30,0,3,1,28.0,0,0,1,1,1,7.8958,7.8958,7.8958,,0.0,0,False,False,True,False,False,False,False,True
31,0,1,1,40.0,0,0,1,1,1,27.7208,27.7208,27.7208,,0.0,0,False,False,False,False,True,True,False,False
32,1,1,0,28.0,1,0,2,0,2,146.5208,73.2604,73.2604,B78,2.0,1,False,False,False,True,False,True,False,False
33,1,3,0,28.0,0,0,1,1,1,7.75,7.75,7.75,,0.0,0,False,True,False,False,False,False,True,False
34,0,2,1,66.0,0,0,1,1,1,10.5,10.5,10.5,,0.0,0,False,False,True,False,False,False,False,True
35,0,1,1,28.0,1,0,2,0,2,82.1708,41.0854,41.0854,,0.0,0,False,False,True,False,False,True,False,False
36,0,1,1,42.0,1,0,2,0,2,52.0,26.0,26.0,,0.0,0,False,False,True,False,False,False,False,True
37,1,3,1,28.0,0,0,1,1,1,7.2292,7.2292,7.2292,,0.0,0,False,False,True,False,False,True,False,False
38,0,3,1,21.0,0,0,1,1,1,8.05,8.05,8.05,,0.0,0,False,False,True,False,False,False,False,True
39,0,3,0,18.0,2,0,3,0,2,18.0,6.0,9.0,,0.0,0,False,True,False,False,False,False,False,True
40,1,3,0,14.0,1,0,2,0,2,11.2417,5.62085,5.62085,,0.0,0,False,True,False,False,False,True,False,False
41,0,3,0,40.0,1,0,2,0,1,9.475,4.7375,9.475,,0.0,0,False,False,False,True,False,False,False,True
42,0,2,0,27.0,1,0,2,0,2,21.0,10.5,10.5,,0.0,0,False,False,False,True,False,False,False,True
43,0,3,1,28.0,0,0,1,1,1,7.8958,7.8958,7.8958,,0.0,0,False,False,True,False,False,True,False,False
44,1,2,0,3.0,1,2,4,0,3,41.5792,10.3948,13.859733333333333,,0.0,0,False,True,False,False,False,True,False,False
45,1,3,0,19.0,0,0,1,1,1,7.8792,7.8792,7.8792,,0.0,0,False,True,False,False,False,False,True,False
46,0,3,1,28.0,0,0,1,1,1,8.05,8.05,8.05,,0.0,0,False,False,True,False,False,False,False,True
47,0,3,1,28.0,1,0,2,0,1,15.5,7.75,15.5,,0.0,0,False,False,True,False,False,False,True,False
48,1,3,0,28.0,0,0,1,1,1,7.75,7.75,7.75,,0.0,0,False,True,False,False,False,False,True,False
49,0,3,1,28.0,2,0,3,0,1,21.6792,7.226400000000001,21.6792,,0.0,0,False,False,True,False,False,True,False,False
50,0,3,0,18.0,1,0,2,0,2,17.8,8.9,8.9,,0.0,0,False,False,False,True,False,False,False,True
51,0,3,1,7.0,4,1,6,0,6,39.6875,6.614583333333333,6.614583333333333,,0.0,0,True,False,False,False,False,False,False,True
52,0,3,1,21.0,0,0,1,1,1,7.8,7.8,7.8,,0.0,0,False,False,True,False,False,False,False,True
53,1,1,0,49.0,1,0,2,0,3,76.7292,38.3646,25.576400000000003,D33,4.0,1,False,False,False,True,False,True,False,False
54,1,2,0,29.0,1,0,2,0,1,26.0,13.0,26.0,,0.0,0,False,False,False,True,False,False,False,True
55,0,1,1,65.0,0,1,2,0,1,61.9792,30.9896,61.9792,B30,2.0,1,False,False,True,False,False,True,False,False
56,1,1,1,28.0,0,0,1,1,1,35.5,35.5,35.5,C52,3.0,1,False,False,True,False,False,False,False,True
57,1,2,0,21.0,0,0,1,1,1,10.5,10.5,10.5,,0.0,0,False,True,False,False,False,False,False,True
58,0,3,1,28.5,0,0,1,1,1,7.2292,7.2292,7.2292,,0.0,0,False,False,True,False,False,True,False,False
59,1,2,0,5.0,1,2,4,0,3,27.75,6.9375,9.25,,0.0,0,False,True,False,False,False,False,False,True
60,0,3,1,11.0,5,2,8,0,6,46.9,5.8625,7.816666666666666,,0.0,0,True,False,False,False,False,False,False,True
61,0,3,1,22.0,0,0,1,1,1,7.2292,7.2292,7.2292,,0.0,0,False,False,True,False,False,True,False,False
62,1,1,0,38.0,0,0,1,1,2,80.0,80.0,40.0,B28,2.0,1,False,True,False,False,False,False,False,True
63,0,1,1,45.0,1,0,2,0,2,83.475,41.7375,41.7375,C83,3.0,1,False,False,True,False,False,False,False,True
64,0,3,1,4.0,3,2,6,0,6,27.9,4.6499999999999995,4.6499999999999995,,0.0,0,True,False,False,False,False,False,False,True
65,0,1,1,28.0,0,0,1,1,1,27.7208,27.7208,27.7208,,0.0,0,False,False,True,False,False,True,False,False
66,1,3,1,28.0,1,1,3,0,2,15.2458,5.081933333333333,7.6229,,0.0,0,True,False,False,False,False,True,False,False
67,1,2,0,29.0,0,0,1,1,1,10.5,10.5,10.5,F33,6.0,1,False,False,False,True,False,False,False,True
68,0,3,1,19.0,0,0,1,1,1,8.1583,8.1583,8.1583,,0.0,0,False,False,True,False,False,False,False,True
69,1,3,0,17.0,4,2,7,0,1,7.925,1.1321428571428571,7.925,,0.0,0,False,True,False,False,False,False,False,True
70,0,3,1,26.0,2,0,3,0,1,8.6625,2.8874999999999997,8.6625,,0.0,0,False,False,True,False,False,False,False,True
71,0,2,1,32.0,0,0,1,1,1,10.5,10.5,10.5,,0.0,0,False,False,True,False,False,False,False,True
72,0,3,0,16.0,5,2,8,0,6,46.9,5.8625,7.816666666666666,,0.0,0,False,True,False,False,False,False,False,True
73,0,2,1,21.0,0,0,1,1,5,73.5,73.5,14.7,,0.0,0,False,False,True,False,False,False,False,True
74,0,3,1,26.0,1,0,2,0,1,14.4542,7.2271,14.4542,,0.0,0,False,False,True,False,False,True,False,False
75,1,3,1,32.0,0,0,1,1,7,56.4958,56.4958,8.070828571428573,,0.0,0,False,False,True,False,False,False,False,True
76,0,3,1,25.0,0,0,1,1,1,7.65,7.65,7.65,F G73,6.0,1,False,False,True,False,False,False,False,True
77,0,3,1,28.0,0,0,1,1,1,7.8958,7.8958,7.8958,,0.0,0,False,False,True,False,False,False,False,True
78,0,3,1,28.0,0,0,1,1,1,8.05,8.05,8.05,,0.0,0,False,False,True,False,False,False,False,True
79,1,2,1,0.83,0,2,3,0,2,29.0,9.666666666666666,14.5,,0.0,0,True,False,False,False,False,False,False,True
80,1,3,0,30.0,0,0,1,1,2,12.475,12.475,6.2375,,0.0,0,False,True,False,False,False,False,False,True
81,0,3,1,22.0,0,0,1,1,1,9.0,9.0,9.0,,0.0,0,False,False,True,False,False,False,False,True
82,1,3,1,29.0,0,0,1,1,1,9.5,9.5,9.5,,0.0,0,False,False,True,False,False,False,False,True
83,1,3,0,28.0,0,0,1,1,1,7.7875,7.7875,7.7875,,0.0,0,False,True,False,False,False,False,True,False
84,0,1,1,28.0,0,0,1,1,1,47.1,47.1,47.1,,0.0,0,False,False,True,False,False,False,False,True
85,1,2,0,17.0,0,0,1,1,1,10.5,10.5,10.5,,0.0,0,False,True,False,False,False,False,False,True
86,1,3,0,33.0,3,0,4,0,2,15.85,3.9625,7.925,,0.0,0,False,False,False,True,False,False,False,True
87,0,3,1,16.0,1,3,5,0,4,34.375,6.875,8.59375,,0.0,0,False,False,True,False,False,False,False,True
88,0,3,1,28.0,0,0,1,1,1,8.05,8.05,8.05,,0.0,0,False,False,True,False,False,False,False,True
89,1,1,0,23.0,3,2,6,0,4,263.0,43.833333333333336,65.75,C23 C25 C27,3.0,1,False,True,False,False,False,False,False,True
90,0,3,1,24.0,0,0,1,1,1,8.05,8.05,8.05,,0.0,0,False,False,True,False,False,False,False,True
91,0,3,1,29.0,0,0,1,1,1,8.05,8.05,8.05,,0.0,0,False,False,True,False,False,False,False,True
92,0,3,1,20.0,0,0,1,1,1,7.8542,7.8542,7.8542,,0.0,0,False,False,True,False,False,False,False,True
93,0,1,1,46.0,1,0,2,0,1,61.175,30.5875,61.175,E31,5.0,1,False,False,True,False,False,False,False,True
94,0,3,1,26.0,1,2,4,0,2,20.575,5.14375,10.2875,,0.0,0,False,False,True,False,False,False,False,True
95,0,3,1,59.0,0,0,1,1,1,7.25,7.25,7.25,,0.0,0,False,False,True,False,False,False,False,True
96,0,3,1,28.0,0,0,1,1,1,8.05,8.05,8.05,,0.0,0,False,False,True,False,False,False,False,True
97,0,1,1,71.0,0,0,1,1,1,34.6542,34.6542,34.6542,A5,1.0,1,False,False,True,False,False,True,False,False
98,1,1,1,23.0,0,1,2,0,1,63.3583,31.67915,63.3583,D10 D12,4.0,1,False,False,True,False,False,True,False,False
99,1,2,0,34.0,0,1,2,0,2,23.0,11.5,11.5,,0.0,0,False,False,False,True,False,False,False,True
100,0,2,1,34.0,1,0,2,0,2,26.0,13.0,13.0,,0.0,0,False,False,True,False,False,False,False,True
101,0,3,0,28.0,0,0,1,1,1,7.8958,7.8958,7.8958,,0.0,0,False,True,False,False,False,False,False,True
102,0,3,1,28.0,0,0,1,1,1,7.8958,7.8958,7.8958,,0.0,0,False,False,True,False,False,False,False,True
103,0,1,1,21.0,0,1,2,0,2,77.2875,38.64375,38.64375,D26,4.0,1,False,False,True,False,False,False,False,True
104,0,3,1,33.0,0,0,1,1,1,8.6542,8.6542,8.6542,,0.0,0,False,False,True,False,False,False,False,True
105,0,3,1,37.0,2,0,3,0,1,7.925,2.6416666666666666,7.925,,0.0,0,False,False,True,False,False,False,False,True
106,0,3,1,28.0,0,0,1,1,1,7.8958,7.8958,7.8958,,0.0,0,False,False,True,False,False,False,False,True
107,1,3,0,21.0,0,0,1,1,1,7.65,7.65,7.65,,0.0,0,False,True,False,False,False,False,False,True
108,1,3,1,28.0,0,0,1,1,1,7.775,7.775,7.775,,0.0,0,False,False,True,False,False,False,False,True
109,0,3,1,38.0,0,0,1,1,1,7.8958,7.8958,7.8958,,0.0,0,False,False,True,False,False,False,False,True
110,1,3,0,28.0,1,0,2,0,3,24.15,12.075,8.049999999999999,,0.0,0,False,True,False,False,False,False,True,False
111,0,1,1,47.0,0,0,1,1,2,52.0,52.0,26.0,C110,3.0,1,False,False,True,False,False,False,False,True
112,0,3,0,14.5,1,0,2,0,2,14.4542,7.2271,7.2271,,0.0,0,False,True,False,False,False,True,False,False
113,0,3,1,22.0,0,0,1,1,1,8.05,8.05,8.05,,0.0,0,False,False,True,False,False,False,False,True
114,0,3,0,20.0,1,0,2,0,1,9.825,4.9125,9.825,,0.0,0,False,True,False,False,False,False,False,True
115,0,3,0,17.0,0,0,1,1,2,14.4583,14.4583,7.22915,,0.0,0,False,True,False,False,False,True,False,False
116,0,3,1,21.0,0,0,1,1,1,7.925,7.925,7.925,,0.0,0,False,False,True,False,False,False,False,True
117,0,3,1,70.5,0,0,1,1,1,7.75,7.75,7.75,,0.0,0,False,False,True,False,False,False,True,False
118,0,2,1,29.0,1,0,2,0,2,21.0,10.5,10.5,,0.0,0,False,False,True,False,False,False,False,True
119,0,1,1,24.0,0,1,2,0,2,247.5208,123.7604,123.7604,B58 B60,2.0,1,False,False,True,False,False,True,False,False
120,0,3,0,2.0,4,2,7,0,7,31.275,4.4678571428571425,4.4678571428571425,,0.0,0,False,True,False,False,False,False,False,True
121,0,2,1,21.0,2,0,3,0,5,73.5,24.5,14.7,,0.0,0,False,False,True,False,False,False,False,True
122,0,3,1,28.0,0,0,1,1,1,8.05,8.05,8.05,,0.0,0,False,False,True,False,False,False,False,True
123,0,2,1,32.5,1,0,2,0,2,30.0708,15.0354,15.0354,,0.0,0,False,False,True,False,False,True,False,False
124,1,2,0,32.5,0,0,1,1,1,13.0,13.0,13.0,E101,5.0,1,False,True,False,False,False,False,False,True
125,0,1,1,54.0,0,1,2,0,2,77.2875,38.64375,38.64375,D26,4.0,1,False,False,True,False,False,False,False,True
126,1,3,1,12.0,1,0,2,0,2,11.2417,5.62085,5.62085,,0.0,0,True,False,False,False,False,True,False,False
127,0,3,1,28.0,0,0,1,1,1,7.75,7.75,7.75,,0.0,0,False,False,True,False,False,False,True,False
128,1,3,1,24.0,0,0,1,1,1,7.1417,7.1417,7.1417,,0.0,0,False,False,True,False,False,False,False,True
129,1,3,0,28.0,1,1,3,0,2,22.3583,7.452766666666666,11.17915,F E69,6.0,1,False,True,False,False,False,True,False,False
130,0,3,1,45.0,0,0,1,1,1,6.975,6.975,6.975,,0.0,0,False,False,True,False,False,False,False,True
131,0,3,1,33.0,0,0,1,1,1,7.8958,7.8958,7.8958,,0.0,0,False,False,True,False,False,True,False,False
132,0,3,1,20.0,0,0,1,1,1,7.05,7.05,7.05,,0.0,0,False,False,True,False,False,False,False,True
133,0,3,0,47.0,1,0,2,0,1,14.5,7.25,14.5,,0.0,0,False,False,False,True,False,False,False,True
134,1,2,0,29.0,1,0,2,0,1,26.0,13.0,26.0,,0.0,0,False,False,False,True,False,False,False,True
135,0,2,1,25.0,0,0,1,1,1,13.0,13.0,13.0,,0.0,0,False,False,True,False,False,False,False,True
136,0,2,1,23.0,0,0,1,1,1,15.0458,15.0458,15.0458,,0.0,0,False,False,True,False,False,True,False,False
137,1,1,0,19.0,0,2,3,0,1,26.2833,8.7611,26.2833,D47,4.0,1,False,True,False,False,False,False,False,True
138,0,1,1,37.0,1,0,2,0,2,53.1,26.55,26.55,C123,3.0,1,False,False,True,False,False,False,False,True
139,0,3,1,16.0,0,0,1,1,2,9.2167,9.2167,4.60835,,0.0,0,False,False,True,False,False,False,False,True
140,0,1,1,24.0,0,0,1,1,2,79.2,79.2,39.6,B86,2.0,1,False,False,True,False,False,True,False,False
141,0,3,0,28.0,0,2,3,0,2,15.2458,5.081933333333333,7.6229,,0.0,0,False,False,False,True,False,True,False,False
142,1,3,0,22.0,0,0,1,1,1,7.75,7.75,7.75,,0.0,0,False,True,False,False,False,False,False,True
143,1,3,0,24.0,1,0,2,0,2,15.85,7.925,7.925,,0.0,0,False,False,False,True,False,False,False,True
144,0,3,1,19.0,0,0,1,1,1,6.75,6.75,6.75,,0.0,0,False,False,True,False,False,False,True,False
145,0,2,1,18.0,0,0,1,1,1,11.5,11.5,11.5,,0.0,0,False,False,True,False,False,False,False,True
146,0,2,1,19.0,1,1,3,0,2,36.75,12.25,18.375,,0.0,0,False,False,True,False,False,False,False,True
147,1,3,1,27.0,0,0,1,1,1,7.7958,7.7958,7.7958,,0.0,0,False,False,True,False,False,False,False,True
148,0,3,0,9.0,2,2,5,0,4,34.375,6.875,8.59375,,0.0,0,False,True,False,False,False,False,False,True
149,0,2,1,36.5,0,2,3,0,3,26.0,8.666666666666666,8.666666666666666,F2,6.0,1,False,False,True,False,False,False,False,True
150,0,2,1,42.0,0,0,1,1,1,13.0,13.0,13.0,,0.0,0,False,False,False,False,True,False,False,True
151,0,2,1,51.0,0,0,1,1,1,12.525,12.525,12.525,,0.0,0,False,False,False,False,True,False,False,True
152,1,1,0,22.0,1,0,2,0,2,66.6,33.3,33.3,C2,3.0,1,False,False,False,True,False,False,False,True
153,0,3,1,55.5,0,0,1,1,1,8.05,8.05,8.05,,0.0,0,False,False,True,False,False,False,False,True
154,0,3,1,40.5,0,2,3,0,1,14.5,4.833333333333333,14.5,,0.0,0,False,False,True,False,False,False,False,True
155,0,3,1,28.0,0,0,1,1,1,7.3125,7.3125,7.3125,,0.0,0,False,False,True,False,False,False,False,True
156,0,1,1,51.0,0,1,2,0,1,61.3792,30.6896,61.3792,,0.0,0,False,False,True,False,False,True,False,False
157,1,3,0,16.0,0,0,1,1,1,7.7333,7.7333,7.7333,,0.0,0,False,True,False,False,False,False,True,False
158,0,3,1,30.0,0,0,1,1,1,8.05,8.05,8.05,,0.0,0,False,False,True,False,False,False,False,True
159,0,3,1,28.0,0,0,1,1,1,8.6625,8.6625,8.6625,,0.0,0,False,False,True,False,False,False,False,True
160,0,3,1,28.0,8,2,11,0,7,69.55,6.322727272727272,9.935714285714285,,0.0,0,True,False,False,False,False,False,False,True
161,0,3,1,44.0,0,1,2,0,1,16.1,8.05,16.1,,0.0,0,False,False,True,False,False,False,False,True
162,1,2,0,40.0,0,0,1,1,1,15.75,15.75,15.75,,0.0,0,False,False,False,True,False,False,False,True
163,0,3,1,26.0,0,0,1,1,1,7.775,7.775,7.775,,0.0,0,False,False,True,False,False,False,False,True
164,0,3,1,17.0,0,0,1,1,1,8.6625,8.6625,8.6625,,0.0,0,False,False,True,False,False,False,False,True
165,0,3,1,1.0,4,1,6,0,6,39.6875,6.614583333333333,6.614583333333333,,0.0,0,True,False,False,False,False,False,False,True
166,1,3,1,9.0,0,2,3,0,3,20.525,6.841666666666666,6.841666666666666,,0.0,0,True,False,False,False,False,False,False,True
167,1,1,0,28.0,0,1,2,0,2,55.0,27.5,27.5,E33,5.0,1,False,False,False,True,False,False,False,True
168,0,3,0,45.0,1,4,6,0,6,27.9,4.6499999999999995,4.6499999999999995,,0.0,0,False,False,False,True,False,False,False,True
169,0,1,1,28.0,0,0,1,1,1,25.925,25.925,25.925,,0.0,0,False,False,True,False,False,False,False,True
170,0,3,1,28.0,0,0,1,1,7,56.4958,56.4958,8.070828571428573,,0.0,0,False,False,True,False,False,False,False,True
171,0,1,1,61.0,0,0,1,1,1,33.5,33.5,33.5,B19,2.0,1,False,False,True,False,False,False,False,True
172,0,3,1,4.0,4,1,6,0,5,29.125,4.854166666666667,5.825,,0.0,0,True,False,False,False,False,False,True,False
173,1,3,0,1.0,1,1,3,0,3,11.1333,3.7111,3.7111,,0.0,0,False,True,False,False,False,False,False,True
174,0,3,1,21.0,0,0,1,1,1,7.925,7.925,7.925,,0.0,0,False,False,True,False,False,False,False,True
175,0,1,1,56.0,0,0,1,1,1,30.6958,30.6958,30.6958,A7,1.0,1,False,False,True,False,False,True,False,False
176,0,3,1,18.0,1,1,3,0,1,7.8542,2.6180666666666665,7.8542,,0.0,0,False,False,True,False,False,False,False,True
177,0,3,1,28.0,3,1,5,0,4,25.4667,5.0933399999999995,6.366675,,0.0,0,True,False,False,False,False,False,False,True
178,0,1,0,50.0,0,0,1,1,1,28.7125,28.7125,28.7125,C49,3.0,1,False,True,False,False,False,True,False,False
179,0,2,1,30.0,0,0,1,1,1,13.0,13.0,13.0,,0.0,0,False,False,True,False,False,False,False,True
180,0,3,1,36.0,0,0,1,1,4,0.0,0.0,0.0,,0.0,0,False,False,True,False,False,False,False,True
181,0,3,0,28.0,8,2,11,0,7,69.55,6.322727272727272,9.935714285714285,,0.0,0,False,True,False,False,False,False,False,True
182,0,2,1,28.0,0,0,1,1,1,15.05,15.05,15.05,,0.0,0,False,False,True,False,False,True,False,False
183,0,3,1,9.0,4,2,7,0,4,31.3875,4.483928571428572,7.846875,,0.0,0,True,False,False,False,False,False,False,True
184,1,2,1,1.0,2,1,4,0,2,39.0,9.75,19.5,F4,6.0,1,True,False,False,False,False,False,False,True
185,1,3,0,4.0,0,2,3,0,1,22.025,7.341666666666666,22.025,,0.0,0,False,True,False,False,False,False,False,True
186,0,1,1,28.0,0,0,1,1,1,50.0,50.0,50.0,A32,1.0,1,False,False,True,False,False,False,False,True
187,1,3,0,28.0,1,0,2,0,2,15.5,7.75,7.75,,0.0,0,False,False,False,True,False,False,True,False
188,1,1,1,45.0,0,0,1,1,1,26.55,26.55,26.55,,0.0,0,False,False,True,False,False,False,False,True
189,0,3,1,40.0,1,1,3,0,2,15.5,5.166666666666667,7.75,,0.0,0,False,False,True,False,False,False,True,False
190,0,3,1,36.0,0,0,1,1,1,7.8958,7.8958,7.8958,,0.0,0,False,False,True,False,False,False,False,True
191,1,2,0,32.0,0,0,1,1,1,13.0,13.0,13.0,,0.0,0,False,False,False,True,False,False,False,True
192,0,2,1,19.0,0,0,1,1,1,13.0,13.0,13.0,,0.0,0,False,False,True,False,False,False,False,True
193,1,3,0,19.0,1,0,2,0,1,7.8542,3.9271,7.8542,,0.0,0,False,True,False,False,False,False,False,True
194,1,2,1,3.0,1,1,3,0,3,26.0,8.666666666666666,8.666666666666666,F2,6.0,1,True,False,False,False,False,False,False,True
195,1,1,0,44.0,0,0,1,1,1,27.7208,27.7208,27.7208,B4,2.0,1,False,False,False,True,False,True,False,False
196,1,1,0,58.0,0,0,1,1,2,146.5208,146.5208,73.2604,B80,2.0,1,False,True,False,False,False,True,False,False
197,0,3,1,28.0,0,0,1,1,1,7.75,7.75,7.75,,0.0,0,False,False,True,False,False,False,True,False
198,0,3,1,42.0,0,1,2,0,1,8.4042,4.2021,8.4042,,0.0,0,False,False,True,False,False,False,False,True
199,1,3,0,28.0,0,0,1,1,1,7.75,7.75,7.75,,0.0,0,False,True,False,False,False,False,True,False
200,0,2,0,24.0,0,0,1,1,1,13.0,13.0,13.0,,0.0,0,False,True,False,False,False,False,False,True
201,0,3,1,28.0,0,0,1,1,1,9.5,9.5,9.5,,0.0,0,False,False,True,False,False,False,False,True
202,0,3,1,28.0,8,2,11,0,7,69.55,6.322727272727272,9.935714285714285,,0.0,0,False,False,True,False,False,False,False,True
203,0,3,1,34.0,0,0,1,1,1,6.4958,6.4958,6.4958,,0.0,0,False,False,True,False,False,False,False,True
204,0,3,1,45.5,0,0,1,1,1,7.225,7.225,7.225,,0.0,0,False,False,True,False,False,True,False,False
205,1,3,1,18.0,0,0,1,1,1,8.05,8.05,8.05,,0.0,0,False,False,True,False,False,False,False,True
206,0,3,0,2.0,0,1,2,0,2,10.4625,5.23125,5.23125,G6,0.0,1,False,True,False,False,False,False,False,True
207,0,3,1,32.0,1,0,2,0,2,15.85,7.925,7.925,,0.0,0,False,False,True,False,False,False,False,True
208,1,3,1,26.0,0,0,1,1,2,18.7875,18.7875,9.39375,,0.0,0,False,False,True,False,False,True,False,False
209,1,3,0,16.0,0,0,1,1,1,7.75,7.75,7.75,,0.0,0,False,True,False,False,False,False,True,False
210,1,1,1,40.0,0,0,1,1,1,31.0,31.0,31.0,A31,1.0,1,False,False,True,False,False,True,False,False
211,0,3,1,24.0,0,0,1,1,1,7.05,7.05,7.05,,0.0,0,False,False,True,False,False,False,False,True
212,1,2,0,35.0,0,0,1,1,1,21.0,21.0,21.0,,0.0,0,False,True,False,False,False,False,False,True
213,0,3,1,22.0,0,0,1,1,1,7.25,7.25,7.25,,0.0,0,False,False,True,False,False,False,False,True
214,0,2,1,30.0,0,0,1,1,1,13.0,13.0,13.0,,0.0,0,False,False,True,False,False,False,False,True
215,0,3,1,28.0,1,0,2,0,1,7.75,3.875,7.75,,0.0,0,False,False,True,False,False,False,True,False
216,1,1,0,31.0,1,0,2,0,3,113.275,56.6375,37.75833333333333,D36,4.0,1,False,True,False,False,False,True,False,False
217,1,3,0,27.0,0,0,1,1,1,7.925,7.925,7.925,,0.0,0,False,True,False,False,False,False,False,True
218,0,2,1,42.0,1,0,2,0,2,27.0,13.5,13.5,,0.0,0,False,False,True,False,False,False,False,True
219,1,1,0,32.0,0,0,1,1,1,76.2917,76.2917,76.2917,D15,4.0,1,False,True,False,False,False,True,False,False
220,0,2,1,30.0,0,0,1,1,1,10.5,10.5,10.5,,0.0,0,False,False,True,False,False,False,False,True
221,1,3,1,16.0,0,0,1,1,1,8.05,8.05,8.05,,0.0,0,False,False,True,False,False,False,False,True
222,0,2,1,27.0,0,0,1,1,1,13.0,13.0,13.0,,0.0,0,False,False,True,False,False,False,False,True
223,0,3,1,51.0,0,0,1,1,1,8.05,8.05,8.05,,0.0,0,False,False,True,False,False,False,False,True
224,0,3,1,28.0,0,0,1,1,1,7.8958,7.8958,7.8958,,0.0,0,False,False,True,False,False,False,False,True
225,1,1,1,38.0,1,0,2,0,2,90.0,45.0,45.0,C93,3.0,1,False,False,True,False,False,False,False,True
226,0,3,1,22.0,0,0,1,1,1,9.35,9.35,9.35,,0.0,0,False,False,True,False,False,False,False,True
227,1,2,1,19.0,0,0,1,1,1,10.5,10.5,10.5,,0.0,0,False,False,True,False,False,False,False,True
228,0,3,1,20.5,0,0,1,1,1,7.25,7.25,7.25,,0.0,0,False,False,True,False,False,False,False,True
229,0,2,1,18.0,0,0,1,1,1,13.0,13.0,13.0,,0.0,0,False,False,True,False,False,False,False,True
230,0,3,0,28.0,3,1,5,0,4,25.4667,5.0933399999999995,6.366675,,0.0,0,False,True,False,False,False,False,False,True
231,1,1,0,35.0,1,0,2,0,2,83.475,41.7375,41.7375,C83,3.0,1,False,False,False,True,False,False,False,True
232,0,3,1,29.0,0,0,1,1,1,7.775,7.775,7.775,,0.0,0,False,False,True,False,False,False,False,True
233,0,2,1,59.0,0,0,1,1,1,13.5,13.5,13.5,,0.0,0,False,False,True,False,False,False,False,True
234,1,3,0,5.0,4,2,7,0,4,31.3875,4.483928571428572,7.846875,,0.0,0,False,True,False,False,False,False,False,True
235,0,2,1,24.0,0,0,1,1,1,10.5,10.5,10.5,,0.0,0,False,False,True,False,False,False,False,True
236,0,3,0,28.0,0,0,1,1,1,7.55,7.55,7.55,,0.0,0,False,True,False,False,False,False,False,True
237,0,2,1,44.0,1,0,2,0,1,26.0,13.0,26.0,,0.0,0,False,False,True,False,False,False,False,True
238,1,2,0,8.0,0,2,3,0,3,26.25,8.75,8.75,,0.0,0,False,True,False,False,False,False,False,True
239,0,2,1,19.0,0,0,1,1,1,10.5,10.5,10.5,,0.0,0,False,False,True,False,False,False,False,True
240,0,2,1,33.0,0,0,1,1,1,12.275,12.275,12.275,,0.0,0,False,False,True,False,False,False,False,True
241,0,3,0,28.0,1,0,2,0,2,14.4542,7.2271,7.2271,,0.0,0,False,True,False,False,False,True,False,False
242,1,3,0,28.0,1,0,2,0,2,15.5,7.75,7.75,,0.0,0,False,True,False,False,False,False,True,False
243,0,2,1,29.0,0,0,1,1,1,10.5,10.5,10.5,,0.0,0,False,False,True,False,False,False,False,True
244,0,3,1,22.0,0,0,1,1,1,7.125,7.125,7.125,,0.0,0,False,False,True,False,False,False,False,True
245,0,3,1,30.0,0,0,1,1,1,7.225,7.225,7.225,,0.0,0,False,False,True,False,False,True,False,False
246,0,1,1,44.0,2,0,3,0,2,90.0,30.0,45.0,C78,3.0,1,False,False,False,False,True,False,True,False
247,0,3,0,25.0,0,0,1,1,1,7.775,7.775,7.775,,0.0,0,False,True,False,False,False,False,False,True
248,1,2,0,24.0,0,2,3,0,2,14.5,4.833333333333333,7.25,,0.0,0,False,False,False,True,False,False,False,True
249,1,1,1,37.0,1,1,3,0,2,52.5542,17.518066666666666,26.2771,D35,4.0,1,False,False,True,False,False,False,False,True
250,0,2,1,54.0,1,0,2,0,2,26.0,13.0,13.0,,0.0,0,False,False,False,False,True,False,False,True
251,0,3,1,28.0,0,0,1,1,1,7.25,7.25,7.25,,0.0,0,False,False,True,False,False,False,False,True
252,0,3,0,29.0,1,1,3,0,2,10.4625,3.4875000000000003,5.23125,G6,0.0,1,False,False,False,True,False,False,False,True
253,0,1,1,62.0,0,0,1,1,1,26.55,26.55,26.55,C87,3.0,1,False,False,True,False,False,False,False,True
254,0,3,1,30.0,1,0,2,0,2,16.1,8.05,8.05,,0.0,0,False,False,True,False,False,False,False,True
255,0,3,0,41.0,0,2,3,0,2,20.2125,6.7375,10.10625,,0.0,0,False,False,False,True,False,False,False,True
256,1,3,0,29.0,0,2,3,0,1,15.2458,5.081933333333333,15.2458,,0.0,0,False,False,False,True,False,True,False,False
257,1,1,0,28.0,0,0,1,1,1,79.2,79.2,79.2,,0.0,0,False,False,False,True,False,True,False,False
258,1,1,0,30.0,0,0,1,1,3,86.5,86.5,28.833333333333332,B77,2.0,1,False,True,False,False,False,False,False,True
259,1,1,0,35.0,0,0,1,1,3,512.3292,512.3292,170.7764,,0.0,0,False,True,False,False,False,True,False,False
260,1,2,0,50.0,0,1,2,0,2,26.0,13.0,13.0,,0.0,0,False,False,False,True,False,False,False,True
261,0,3,1,28.0,0,0,1,1,1,7.75,7.75,7.75,,0.0,0,False,False,True,False,False,False,True,False
262,1,3,1,3.0,4,2,7,0,4,31.3875,4.483928571428572,7.846875,,0.0,0,True,False,False,False,False,False,False,True
263,0,1,1,52.0,1,1,3,0,3,79.65,26.55,26.55,E67,5.0,1,False,False,True,False,False,False,False,True
264,0,1,1,40.0,0,0,1,1,1,0.0,0.0,0.0,B94,2.0,1,False,False,True,False,False,False,False,True
265,0,3,0,28.0,0,0,1,1,1,7.75,7.75,7.75,,0.0,0,False,True,False,False,False,False,True,False
266,0,2,1,36.0,0,0,1,1,1,10.5,10.5,10.5,,0.0,0,False,False,True,False,False,False,False,True
267,0,3,1,16.0,4,1,6,0,6,39.6875,6.614583333333333,6.614583333333333,,0.0,0,False,False,True,False,False,False,False,True
268,1,3,1,25.0,1,0,2,0,1,7.775,3.8875,7.775,,0.0,0,False,False,True,False,False,False,False,True
269,1,1,0,58.0,0,1,2,0,3,153.4625,76.73125,51.15416666666667,C125,3.0,1,False,False,False,True,False,False,False,True
270,1,1,0,35.0,0,0,1,1,3,135.6333,135.6333,45.211099999999995,C99,3.0,1,False,True,False,False,False,False,False,True
271,0,1,1,28.0,0,0,1,1,2,31.0,31.0,15.5,,0.0,0,False,False,True,False,False,False,False,True
272,1,3,1,25.0,0,0,1,1,4,0.0,0.0,0.0,,0.0,0,False,False,True,False,False,False,False,True
273,1,2,0,41.0,0,1,2,0,2,19.5,9.75,9.75,,0.0,0,False,False,False,True,False,False,False,True
274,0,1,1,37.0,0,1,2,0,1,29.7,14.85,29.7,C118,3.0,1,False,False,True,False,False,True,False,False
275,1,3,0,28.0,0,0,1,1,1,7.75,7.75,7.75,,0.0,0,False,True,False,False,False,False,True,False
276,1,1,0,63.0,1,0,2,0,3,77.9583,38.97915,25.986099999999997,D7,4.0,1,False,True,False,False,False,False,False,True
277,0,3,0,45.0,0,0,1,1,1,7.75,7.75,7.75,,0.0,0,False,True,False,False,False,False,False,True
278,0,2,1,28.0,0,0,1,1,3,0.0,0.0,0.0,,0.0,0,False,False,True,False,False,False,False,True
279,0,3,1,7.0,4,1,6,0,5,29.125,4.854166666666667,5.825,,0.0,0,True,False,False,False,False,False,True,False
280,1,3,0,35.0,1,1,3,0,2,20.25,6.75,10.125,,0.0,0,False,False,False,True,False,False,False,True
281,0,3,1,65.0,0,0,1,1,1,7.75,7.75,7.75,,0.0,0,False,False,True,False,False,False,True,False
282,0,3,1,28.0,0,0,1,1,1,7.8542,7.8542,7.8542,,0.0,0,False,False,True,False,False,False,False,True
283,0,3,1,16.0,0,0,1,1,1,9.5,9.5,9.5,,0.0,0,False,False,True,False,False,False,False,True
284,1,3,1,19.0,0,0,1,1,1,8.05,8.05,8.05,,0.0,0,False,False,True,False,False,False,False,True
285,0,1,1,28.0,0,0,1,1,1,26.0,26.0,26.0,A19,1.0,1,False,False,True,False,False,False,False,True
286,0,3,1,33.0,0,0,1,1,1,8.6625,8.6625,8.6625,,0.0,0,False,False,True,False,False,True,False,False
287,1,3,1,30.0,0,0,1,1,1,9.5,9.5,9.5,,0.0,0,False,False,True,False,False,False,False,True
288,0,3,1,22.0,0,0,1,1,1,7.8958,7.8958,7.8958,,0.0,0,False,False,True,False,False,False,False,True
289,1,2,1,42.0,0,0,1,1,1,13.0,13.0,13.0,,0.0,0,False,False,True,False,False,False,False,True
290,1,3,0,22.0,0,0,1,1,1,7.75,7.75,7.75,,0.0,0,False,True,False,False,False,False,True,False
291,1,1,0,26.0,0,0,1,1,2,78.85,78.85,39.425,,0.0,0,False,True,False,False,False,False,False,True
292,1,1,0,19.0,1,0,2,0,2,91.0792,45.5396,45.5396,B49,2.0,1,False,False,False,True,False,True,False,False
293,0,2,1,36.0,0,0,1,1,1,12.875,12.875,12.875,D,4.0,1,False,False,True,False,False,True,False,False
294,0,3,0,24.0,0,0,1,1,1,8.85,8.85,8.85,,0.0,0,False,True,False,False,False,False,False,True
295,0,3,1,24.0,0,0,1,1,1,7.8958,7.8958,7.8958,,0.0,0,False,False,True,False,False,False,False,True
296,0,1,1,28.0,0,0,1,1,1,27.7208,27.7208,27.7208,,0.0,0,False,False,True,False,False,True,False,False
297,0,3,1,23.5,0,0,1,1,1,7.2292,7.2292,7.2292,,0.0,0,False,False,True,False,False,True,False,False
298,0,1,0,2.0,1,2,4,0,4,151.55,37.8875,37.8875,C22 C26,3.0,1,False,True,False,False,False,False,False,True
299,1,1,1,28.0,0,0,1,1,1,30.5,30.5,30.5,C106,3.0,1,False,False,True,False,False,False,False,True
300,1,1,0,50.0,0,1,2,0,2,247.5208,123.7604,123.7604,B58 B60,2.0,1,False,False,False,True,False,True,False,False
301,1,3,0,28.0,0,0,1,1,1,7.75,7.75,7.75,,0.0,0,False,True,False,False,False,False,True,False
302,1,3,1,28.0,2,0,3,0,2,23.25,7.75,11.625,,0.0,0,False,False,True,False,False,False,True,False
303,0,3,1,19.0,0,0,1,1,4,0.0,0.0,0.0,,0.0,0,False,False,True,False,False,False,False,True
304,1,2,0,28.0,0,0,1,1,1,12.35,12.35,12.35,E101,5.0,1,False,True,False,False,False,False,True,False
305,0,3,1,28.0,0,0,1,1,1,8.05,8.05,8.05,,0.0,0,False,False,True,False,False,False,False,True
306,1,1,1,0.92,1,2,4,0,4,151.55,37.8875,37.8875,C22 C26,3.0,1,True,False,False,False,False,False,False,True
307,1,1,0,28.0,0,0,1,1,4,110.8833,110.8833,27.720825,,0.0,0,False,True,False,False,False,True,False,False
308,1,1,0,17.0,1,0,2,0,2,108.9,54.45,54.45,C65,3.0,1,False,False,False,True,False,True,False,False
309,0,2,1,30.0,1,0,2,0,2,24.0,12.0,12.0,,0.0,0,False,False,True,False,False,True,False,False
310,1,1,0,30.0,0,0,1,1,2,56.9292,56.9292,28.4646,E36,5.0,1,False,True,False,False,False,True,False,False
311,1,1,0,24.0,0,0,1,1,2,83.1583,83.1583,41.57915,C54,3.0,1,False,True,False,False,False,True,False,False
312,1,1,0,18.0,2,2,5,0,2,262.375,52.475,131.1875,B57 B59 B63 B66,2.0,1,False,True,False,False,False,True,False,False
313,0,2,0,26.0,1,1,3,0,1,26.0,8.666666666666666,26.0,,0.0,0,False,False,False,True,False,False,False,True
314,0,3,1,28.0,0,0,1,1,1,7.8958,7.8958,7.8958,,0.0,0,False,False,True,False,False,False,False,True
315,0,2,1,43.0,1,1,3,0,3,26.25,8.75,8.75,,0.0,0,False,False,True,False,False,False,False,True
316,1,3,0,26.0,0,0,1,1,1,7.8542,7.8542,7.8542,,0.0,0,False,True,False,False,False,False,False,True
317,1,2,0,24.0,1,0,2,0,2,26.0,13.0,13.0,,0.0,0,False,False,False,True,False,False,False,True
318,0,2,1,54.0,0,0,1,1,1,14.0,14.0,14.0,,0.0,0,False,False,False,False,True,False,False,True
319,1,1,0,31.0,0,2,3,0,2,164.8667,54.95556666666667,82.43335,C7,3.0,1,False,True,False,False,False,False,False,True
320,1,1,0,40.0,1,1,3,0,2,134.5,44.833333333333336,67.25,E34,5.0,1,False,False,False,True,False,True,False,False
321,0,3,1,22.0,0,0,1,1,1,7.25,7.25,7.25,,0.0,0,False,False,True,False,False,False,False,True
322,0,3,1,27.0,0,0,1,1,1,7.8958,7.8958,7.8958,,0.0,0,False,False,True,False,False,False,False,True
323,1,2,0,30.0,0,0,1,1,1,12.35,12.35,12.35,,0.0,0,False,True,False,False,False,False,True,False
324,1,2,0,22.0,1,1,3,0,2,29.0,9.666666666666666,14.5,,0.0,0,False,False,False,True,False,False,False,True
325,0,3,1,28.0,8,2,11,0,7,69.55,6.322727272727272,9.935714285714285,,0.0,0,False,False,True,False,False,False,False,True
326,1,1,0,36.0,0,0,1,1,3,135.6333,135.6333,45.211099999999995,C32,3.0,1,False,True,False,False,False,True,False,False
327,0,3,1,61.0,0,0,1,1,1,6.2375,6.2375,6.2375,,0.0,0,False,False,True,False,False,False,False,True
328,1,2,0,36.0,0,0,1,1,1,13.0,13.0,13.0,D,4.0,1,False,False,False,True,False,False,False,True
329,1,3,0,31.0,1,1,3,0,3,20.525,6.841666666666666,6.841666666666666,,0.0,0,False,False,False,True,False,False,False,True
330,1,1,0,16.0,0,1,2,0,2,57.9792,28.9896,28.9896,B18,2.0,1,False,True,False,False,False,True,False,False
331,1,3,0,28.0,2,0,3,0,2,23.25,7.75,11.625,,0.0,0,False,True,False,False,False,False,True,False
332,0,1,1,45.5,0,0,1,1,1,28.5,28.5,28.5,C124,3.0,1,False,False,True,False,False,False,False,True
333,0,1,1,38.0,0,1,2,0,3,153.4625,76.73125,51.15416666666667,C91,3.0,1,False,False,True,False,False,False,False,True
334,0,3,1,16.0,2,0,3,0,2,18.0,6.0,9.0,,0.0,0,False,False,True,False,False,False,False,True
335,1,1,0,28.0,1,0,2,0,2,133.65,66.825,66.825,,0.0,0,False,False,False,True,False,False,False,True
336,0,3,1,28.0,0,0,1,1,1,7.8958,7.8958,7.8958,,0.0,0,False,False,True,False,False,False,False,True
337,0,1,1,29.0,1,0,2,0,2,66.6,33.3,33.3,C2,3.0,1,False,False,True,False,False,False,False,True
338,1,1,0,41.0,0,0,1,1,2,134.5,134.5,67.25,E40,5.0,1,False,True,False,False,False,True,False,False
339,1,3,1,45.0,0,0,1,1,1,8.05,8.05,8.05,,0.0,0,False,False,True,False,False,False,False,True
340,0,1,1,45.0,0,0,1,1,1,35.5,35.5,35.5,T,0.0,1,False,False,True,False,False,False,False,True
341,1,2,1,2.0,1,1,3,0,3,26.0,8.666666666666666,8.666666666666666,F2,6.0,1,True,False,False,False,False,False,False,True
342,1,1,0,24.0,3,2,6,0,4,263.0,43.833333333333336,65.75,C23 C25 C27,3.0,1,False,True,False,False,False,False,False,True
343,0,2,1,28.0,0,0,1,1,1,13.0,13.0,13.0,,0.0,0,False,False,True,False,False,False,False,True
344,0,2,1,25.0,0,0,1,1,1,13.0,13.0,13.0,,0.0,0,False,False,True,False,False,False,False,True
345,0,2,1,36.0,0,0,1,1,1,13.0,13.0,13.0,,0.0,0,False,False,True,False,False,False,False,True
346,1,2,0,24.0,0,0,1,1,1,13.0,13.0,13.0,F33,6.0,1,False,True,False,False,False,False,False,True
347,1,2,0,40.0,0,0,1,1,1,13.0,13.0,13.0,,0.0,0,False,True,False,False,False,False,False,True
348,1,3,0,28.0,1,0,2,0,1,16.1,8.05,16.1,,0.0,0,False,False,False,True,False,False,False,True
349,1,3,1,3.0,1,1,3,0,2,15.9,5.3,7.95,,0.0,0,True,False,False,False,False,False,False,True
350,0,3,1,42.0,0,0,1,1,1,8.6625,8.6625,8.6625,,0.0,0,False,False,True,False,False,False,False,True
351,0,3,1,23.0,0,0,1,1,1,9.225,9.225,9.225,,0.0,0,False,False,True,False,False,False,False,True
352,0,1,1,28.0,0,0,1,1,1,35.0,35.0,35.0,C128,3.0,1,False,False,True,False,False,False,False,True
353,0,3,1,15.0,1,1,3,0,1,7.2292,2.409733333333333,7.2292,,0.0,0,False,False,True,False,False,True,False,False
354,0,3,1,25.0,1,0,2,0,2,17.8,8.9,8.9,,0.0,0,False,False,True,False,False,False,False,True
355,0,3,1,28.0,0,0,1,1,1,7.225,7.225,7.225,,0.0,0,False,False,True,False,False,True,False,False
356,0,3,1,28.0,0,0,1,1,1,9.5,9.5,9.5,,0.0,0,False,False,True,False,False,False,False,True
357,1,1,0,22.0,0,1,2,0,2,55.0,27.5,27.5,E33,5.0,1,False,True,False,False,False,False,False,True
358,0,2,0,38.0,0,0,1,1,1,13.0,13.0,13.0,,0.0,0,False,True,False,False,False,False,False,True
359,1,3,0,28.0,0,0,1,1,1,7.8792,7.8792,7.8792,,0.0,0,False,True,False,False,False,False,True,False
360,1,3,0,28.0,0,0,1,1,1,7.8792,7.8792,7.8792,,0.0,0,False,True,False,False,False,False,True,False
361,0,3,1,40.0,1,4,6,0,6,27.9,4.6499999999999995,4.6499999999999995,,0.0,0,False,False,True,False,False,False,False,True
362,0,2,1,29.0,1,0,2,0,1,27.7208,13.8604,27.7208,,0.0,0,False,False,True,False,False,True,False,False
363,0,3,0,45.0,0,1,2,0,2,14.4542,7.2271,7.2271,,0.0,0,False,False,False,True,False,True,False,False
364,0,3,1,35.0,0,0,1,1,1,7.05,7.05,7.05,,0.0,0,False,False,True,False,False,False,False,True
365,0,3,1,28.0,1,0,2,0,2,15.5,7.75,7.75,,0.0,0,False,False,True,False,False,False,True,False
366,0,3,1,30.0,0,0,1,1,1,7.25,7.25,7.25,,0.0,0,False,False,True,False,False,False,False,True
367,1,1,0,60.0,1,0,2,0,1,75.25,37.625,75.25,D37,4.0,1,False,False,False,True,False,True,False,False
368,1,3,0,28.0,0,0,1,1,1,7.2292,7.2292,7.2292,,0.0,0,False,False,False,True,False,True,False,False
369,1,3,0,28.0,0,0,1,1,1,7.75,7.75,7.75,,0.0,0,False,True,False,False,False,False,True,False
370,1,1,0,24.0,0,0,1,1,2,69.3,69.3,34.65,B35,2.0,1,False,False,False,False,True,True,False,False
371,1,1,1,25.0,1,0,2,0,1,55.4417,27.72085,55.4417,E50,5.0,1,False,False,True,False,False,True,False,False
372,0,3,1,18.0,1,0,2,0,1,6.4958,3.2479,6.4958,,0.0,0,False,False,True,False,False,False,False,True
373,0,3,1,19.0,0,0,1,1,1,8.05,8.05,8.05,,0.0,0,False,False,True,False,False,False,False,True
374,0,1,1,22.0,0,0,1,1,3,135.6333,135.6333,45.211099999999995,,0.0,0,False,False,True,False,False,True,False,False
375,0,3,0,3.0,3,1,5,0,4,21.075,4.215,5.26875,,0.0,0,False,True,False,False,False,False,False,True
376,1,1,0,28.0,1,0,2,0,2,82.1708,41.0854,41.0854,,0.0,0,False,False,False,True,False,True,False,False
377,1,3,0,22.0,0,0,1,1,1,7.25,7.25,7.25,,0.0,0,False,True,False,False,False,False,False,True
378,0,1,1,27.0,0,2,3,0,1,211.5,70.5,211.5,C82,3.0,1,False,False,True,False,False,True,False,False
379,0,3,1,20.0,0,0,1,1,1,4.0125,4.0125,4.0125,,0.0,0,False,False,True,False,False,True,False,False
380,0,3,1,19.0,0,0,1,1,1,7.775,7.775,7.775,,0.0,0,False,False,True,False,False,False,False,True
381,1,1,0,42.0,0,0,1,1,4,227.525,227.525,56.88125,,0.0,0,False,True,False,False,False,True,False,False
382,1,3,0,1.0,0,2,3,0,2,15.7417,5.247233333333333,7.87085,,0.0,0,False,True,False,False,False,True,False,False
383,0,3,1,32.0,0,0,1,1,1,7.925,7.925,7.925,,0.0,0,False,False,True,False,False,False,False,True
384,1,1,0,35.0,1,0,2,0,2,52.0,26.0,26.0,,0.0,0,False,False,False,True,False,False,False,True
385,0,3,1,28.0,0,0,1,1,1,7.8958,7.8958,7.8958,,0.0,0,False,False,True,False,False,False,False,True
386,0,2,1,18.0,0,0,1,1,5,73.5,73.5,14.7,,0.0,0,False,False,True,False,False,False,False,True
387,0,3,1,1.0,5,2,8,0,6,46.9,5.8625,7.816666666666666,,0.0,0,True,False,False,False,False,False,False,True
388,1,2,0,36.0,0,0,1,1,1,13.0,13.0,13.0,,0.0,0,False,True,False,False,False,False,False,True
389,0,3,1,28.0,0,0,1,1,1,7.7292,7.7292,7.7292,,0.0,0,False,False,True,False,False,False,True,False
390,1,2,0,17.0,0,0,1,1,1,12.0,12.0,12.0,,0.0,0,False,True,False,False,False,True,False,False
391,1,1,1,36.0,1,2,4,0,4,120.0,30.0,30.0,B96 B98,2.0,1,False,False,True,False,False,False,False,True
392,1,3,1,21.0,0,0,1,1,1,7.7958,7.7958,7.7958,,0.0,0,False,False,True,False,False,False,False,True
393,0,3,1,28.0,2,0,3,0,1,7.925,2.6416666666666666,7.925,,0.0,0,False,False,True,False,False,False,False,True
394,1,1,0,23.0,1,0,2,0,3,113.275,56.6375,37.75833333333333,D36,4.0,1,False,True,False,False,False,True,False,False
395,1,3,0,24.0,0,2,3,0,2,16.7,5.566666666666666,8.35,G6,0.0,1,False,False,False,True,False,False,False,True
396,0,3,1,22.0,0,0,1,1,1,7.7958,7.7958,7.7958,,0.0,0,False,False,True,False,False,False,False,True
397,0,3,0,31.0,0,0,1,1,1,7.8542,7.8542,7.8542,,0.0,0,False,True,False,False,False,False,False,True
398,0,2,1,46.0,0,0,1,1,2,26.0,26.0,13.0,,0.0,0,False,False,True,False,False,False,False,True
399,0,2,1,23.0,0,0,1,1,1,10.5,10.5,10.5,,0.0,0,False,False,False,False,True,False,False,True
400,1,2,0,28.0,0,0,1,1,1,12.65,12.65,12.65,,0.0,0,False,False,False,True,False,False,False,True
401,1,3,1,39.0,0,0,1,1,1,7.925,7.925,7.925,,0.0,0,False,False,True,False,False,False,False,True
402,0,3,1,26.0,0,0,1,1,1,8.05,8.05,8.05,,0.0,0,False,False,True,False,False,False,False,True
403,0,3,0,21.0,1,0,2,0,1,9.825,4.9125,9.825,,0.0,0,False,True,False,False,False,False,False,True
404,0,3,1,28.0,1,0,2,0,2,15.85,7.925,7.925,,0.0,0,False,False,True,False,False,False,False,True
405,0,3,0,20.0,0,0,1,1,1,8.6625,8.6625,8.6625,,0.0,0,False,True,False,False,False,False,False,True
406,0,2,1,34.0,1,0,2,0,1,21.0,10.5,21.0,,0.0,0,False,False,True,False,False,False,False,True
407,0,3,1,51.0,0,0,1,1,1,7.75,7.75,7.75,,0.0,0,False,False,True,False,False,False,False,True
408,1,2,1,3.0,1,1,3,0,3,18.75,6.25,6.25,,0.0,0,True,False,False,False,False,False,False,True
409,0,3,1,21.0,0,0,1,1,1,7.775,7.775,7.775,,0.0,0,False,False,True,False,False,False,False,True
410,0,3,0,28.0,3,1,5,0,4,25.4667,5.0933399999999995,6.366675,,0.0,0,False,True,False,False,False,False,False,True
411,0,3,1,28.0,0,0,1,1,1,7.8958,7.8958,7.8958,,0.0,0,False,False,True,False,False,False,False,True
412,0,3,1,28.0,0,0,1,1,1,6.8583,6.8583,6.8583,,0.0,0,False,False,True,False,False,False,True,False
413,1,1,0,33.0,1,0,2,0,2,90.0,45.0,45.0,C78,3.0,1,False,True,False,False,False,False,True,False
414,0,2,1,28.0,0,0,1,1,3,0.0,0.0,0.0,,0.0,0,False,False,True,False,False,False,False,True
415,1,3,1,44.0,0,0,1,1,1,7.925,7.925,7.925,,0.0,0,False,False,True,False,False,False,False,True
416,0,3,0,28.0,0,0,1,1,1,8.05,8.05,8.05,,0.0,0,False,False,False,True,False,False,False,True
417,1,2,0,34.0,1,1,3,0,1,32.5,10.833333333333334,32.5,,0.0,0,False,False,False,True,False,False,False,True
418,1,2,0,18.0,0,2,3,0,1,13.0,4.333333333333333,13.0,,0.0,0,False,True,False,False,False,False,False,True
419,0,2,1,30.0,0,0,1,1,1,13.0,13.0,13.0,,0.0,0,False,False,True,False,False,False,False,True
420,0,3,0,10.0,0,2,3,0,3,24.15,8.049999999999999,8.049999999999999,,0.0,0,False,True,False,False,False,False,False,True
421,0,3,1,28.0,0,0,1,1,1,7.8958,7.8958,7.8958,,0.0,0,False,False,True,False,False,True,False,False
422,0,3,1,21.0,0,0,1,1,1,7.7333,7.7333,7.7333,,0.0,0,False,False,True,False,False,False,True,False
423,0,3,1,29.0,0,0,1,1,1,7.875,7.875,7.875,,0.0,0,False,False,True,False,False,False,False,True
424,0,3,0,28.0,1,1,3,0,2,14.4,4.8,7.2,,0.0,0,False,False,False,True,False,False,False,True
425,0,3,1,18.0,1,1,3,0,2,20.2125,6.7375,10.10625,,0.0,0,False,False,True,False,False,False,False,True
426,0,3,1,28.0,0,0,1,1,1,7.25,7.25,7.25,,0.0,0,False,False,True,False,False,False,False,True
427,1,2,0,28.0,1,0,2,0,1,26.0,13.0,26.0,,0.0,0,False,False,False,True,False,False,False,True
428,1,2,0,19.0,0,0,1,1,2,26.0,26.0,13.0,,0.0,0,False,True,False,False,False,False,False,True
429,0,3,1,28.0,0,0,1,1,1,7.75,7.75,7.75,,0.0,0,False,False,True,False,False,False,True,False
430,1,3,1,32.0,0,0,1,1,1,8.05,8.05,8.05,E10,5.0,1,False,False,True,False,False,False,False,True
431,1,1,1,28.0,0,0,1,1,1,26.55,26.55,26.55,C52,3.0,1,False,False,True,False,False,False,False,True
432,1,3,0,28.0,1,0,2,0,2,16.1,8.05,8.05,,0.0,0,False,False,False,True,False,False,False,True
433,1,2,0,42.0,1,0,2,0,1,26.0,13.0,26.0,,0.0,0,False,False,False,True,False,False,False,True
434,0,3,1,17.0,0,0,1,1,1,7.125,7.125,7.125,,0.0,0,False,False,True,False,False,False,False,True
435,0,1,1,50.0,1,0,2,0,2,55.9,27.95,27.95,E44,5.0,1,False,False,True,False,False,False,False,True
436,1,1,0,14.0,1,2,4,0,4,120.0,30.0,30.0,B96 B98,2.0,1,False,True,False,False,False,False,False,True
437,0,3,0,21.0,2,2,5,0,4,34.375,6.875,8.59375,,0.0,0,False,True,False,False,False,False,False,True
438,1,2,0,24.0,2,3,6,0,3,18.75,3.125,6.25,,0.0,0,False,False,False,True,False,False,False,True
439,0,1,1,64.0,1,4,6,0,4,263.0,43.833333333333336,65.75,C23 C25 C27,3.0,1,False,False,True,False,False,False,False,True
440,0,2,1,31.0,0,0,1,1,1,10.5,10.5,10.5,,0.0,0,False,False,True,False,False,False,False,True
441,1,2,0,45.0,1,1,3,0,3,26.25,8.75,8.75,,0.0,0,False,False,False,True,False,False,False,True
442,0,3,1,20.0,0,0,1,1,1,9.5,9.5,9.5,,0.0,0,False,False,True,False,False,False,False,True
443,0,3,1,25.0,1,0,2,0,1,7.775,3.8875,7.775,,0.0,0,False,False,True,False,False,False,False,True
444,1,2,0,28.0,0,0,1,1,1,13.0,13.0,13.0,,0.0,0,False,False,False,False,True,False,False,True
445,1,3,1,28.0,0,0,1,1,1,8.1125,8.1125,8.1125,,0.0,0,False,False,True,False,False,False,False,True
446,1,1,1,4.0,0,2,3,0,1,81.8583,27.2861,81.8583,A34,1.0,1,True,False,False,False,False,False,False,True
447,1,2,0,13.0,0,1,2,0,2,19.5,9.75,9.75,,0.0,0,False,True,False,False,False,False,False,True
448,1,1,1,34.0,0,0,1,1,1,26.55,26.55,26.55,,0.0,0,False,False,True,False,False,False,False,True
449,1,3,0,5.0,2,1,4,0,4,19.2583,4.814575,4.814575,,0.0,0,False,True,False,False,False,True,False,False
450,1,1,1,52.0,0,0,1,1,1,30.5,30.5,30.5,C104,3.0,1,False,False,False,False,True,False,False,True
451,0,2,1,36.0,1,2,4,0,3,27.75,6.9375,9.25,,0.0,0,False,False,True,False,False,False,False,True
452,0,3,1,28.0,1,0,2,0,1,19.9667,9.98335,19.9667,,0.0,0,False,False,True,False,False,False,False,True
453,0,1,1,30.0,0,0,1,1,1,27.75,27.75,27.75,C111,3.0,1,False,False,True,False,False,True,False,False
454,1,1,1,49.0,1,0,2,0,2,89.1042,44.5521,44.5521,C92,3.0,1,False,False,True,False,False,True,False,False
455,0,3,1,28.0,0,0,1,1,1,8.05,8.05,8.05,,0.0,0,False,False,True,False,False,False,False,True
456,1,3,1,29.0,0,0,1,1,1,7.8958,7.8958,7.8958,,0.0,0,False,False,True,False,False,True,False,False
457,0,1,1,65.0,0,0,1,1,1,26.55,26.55,26.55,E38,5.0,1,False,False,True,False,False,False,False,True
458,1,1,0,28.0,1,0,2,0,1,51.8625,25.93125,51.8625,D21,4.0,1,False,False,False,True,False,False,False,True
459,1,2,0,50.0,0,0,1,1,1,10.5,10.5,10.5,,0.0,0,False,True,False,False,False,False,False,True
460,0,3,1,28.0,0,0,1,1,1,7.75,7.75,7.75,,0.0,0,False,False,True,False,False,False,True,False
461,1,1,1,48.0,0,0,1,1,1,26.55,26.55,26.55,E12,5.0,1,False,False,True,False,False,False,False,True
462,0,3,1,34.0,0,0,1,1,1,8.05,8.05,8.05,,0.0,0,False,False,True,False,False,False,False,True
463,0,1,1,47.0,0,0,1,1,1,38.5,38.5,38.5,E63,5.0,1,False,False,True,False,False,False,False,True
464,0,2,1,48.0,0,0,1,1,1,13.0,13.0,13.0,,0.0,0,False,False,True,False,False,False,False,True
465,0,3,1,28.0,0,0,1,1,1,8.05,8.05,8.05,,0.0,0,False,False,True,False,False,False,False,True
466,0,3,1,38.0,0,0,1,1,1,7.05,7.05,7.05,,0.0,0,False,False,True,False,False,False,False,True
467,0,2,1,28.0,0,0,1,1,3,0.0,0.0,0.0,,0.0,0,False,False,True,False,False,False,False,True
468,0,1,1,56.0,0,0,1,1,1,26.55,26.55,26.55,,0.0,0,False,False,True,False,False,False,False,True
469,0,3,1,28.0,0,0,1,1,1,7.725,7.725,7.725,,0.0,0,False,False,True,False,False,False,True,False
470,1,3,0,0.75,2,1,4,0,4,19.2583,4.814575,4.814575,,0.0,0,False,True,False,False,False,True,False,False
471,0,3,1,28.0,0,0,1,1,1,7.25,7.25,7.25,,0.0,0,False,False,True,False,False,False,False,True
472,0,3,1,38.0,0,0,1,1,1,8.6625,8.6625,8.6625,,0.0,0,False,False,True,False,False,False,False,True
473,1,2,0,33.0,1,2,4,0,3,27.75,6.9375,9.25,,0.0,0,False,False,False,True,False,False,False,True
474,1,2,0,23.0,0,0,1,1,1,13.7917,13.7917,13.7917,D,4.0,1,False,False,False,True,False,True,False,False
475,0,3,0,22.0,0,0,1,1,1,9.8375,9.8375,9.8375,,0.0,0,False,True,False,False,False,False,False,True
476,0,1,1,28.0,0,0,1,1,2,52.0,52.0,26.0,A14,1.0,1,False,False,True,False,False,False,False,True
477,0,2,1,34.0,1,0,2,0,2,21.0,10.5,10.5,,0.0,0,False,False,True,False,False,False,False,True
478,0,3,1,29.0,1,0,2,0,1,7.0458,3.5229,7.0458,,0.0,0,False,False,True,False,False,False,False,True
479,0,3,1,22.0,0,0,1,1,1,7.5208,7.5208,7.5208,,0.0,0,False,False,True,False,False,False,False,True
480,1,3,0,2.0,0,1,2,0,1,12.2875,6.14375,12.2875,,0.0,0,False,True,False,False,False,False,False,True
481,0,3,1,9.0,5,2,8,0,6,46.9,5.8625,7.816666666666666,,0.0,0,True,False,False,False,False,False,False,True
482,0,2,1,28.0,0,0,1,1,1,0.0,0.0,0.0,,0.0,0,False,False,True,False,False,False,False,True
483,0,3,1,50.0,0,0,1,1,1,8.05,8.05,8.05,,0.0,0,False,False,True,False,False,False,False,True
484,1,3,0,63.0,0,0,1,1,1,9.5875,9.5875,9.5875,,0.0,0,False,False,False,True,False,False,False,True
485,1,1,1,25.0,1,0,2,0,2,91.0792,45.5396,45.5396,B49,2.0,1,False,False,True,False,False,True,False,False
486,0,3,0,28.0,3,1,5,0,4,25.4667,5.0933399999999995,6.366675,,0.0,0,False,True,False,False,False,False,False,True
487,1,1,0,35.0,1,0,2,0,2,90.0,45.0,45.0,C93,3.0,1,False,False,False,True,False,False,False,True
488,0,1,1,58.0,0,0,1,1,1,29.7,29.7,29.7,B37,2.0,1,False,False,True,False,False,True,False,False
489,0,3,1,30.0,0,0,1,1,1,8.05,8.05,8.05,,0.0,0,False,False,True,False,False,False,False,True
490,1,3,1,9.0,1,1,3,0,2,15.9,5.3,7.95,,0.0,0,True,False,False,False,False,False,False,True
491,0,3,1,28.0,1,0,2,0,1,19.9667,9.98335,19.9667,,0.0,0,False,False,True,False,False,False,False,True
492,0,3,1,21.0,0,0,1,1,1,7.25,7.25,7.25,,0.0,0,False,False,True,False,False,False,False,True
493,0,1,1,55.0,0,0,1,1,1,30.5,30.5,30.5,C30,3.0,1,False,False,True,False,False,False,False,True
494,0,1,1,71.0,0,0,1,1,1,49.5042,49.5042,49.5042,,0.0,0,False,False,True,False,False,True,False,False
495,0,3,1,21.0,0,0,1,1,1,8.05,8.05,8.05,,0.0,0,False,False,True,False,False,False,False,True
496,0,3,1,28.0,0,0,1,1,2,14.4583,14.4583,7.22915,,0.0,0,False,False,True,False,False,True,False,False
497,1,1,0,54.0,1,0,2,0,2,78.2667,39.13335,39.13335,D20,4.0,1,False,True,False,False,False,True,False,False
498,0,3,1,28.0,0,0,1,1,1,15.1,15.1,15.1,,0.0,0,False,False,True,False,False,False,False,True
499,0,1,0,25.0,1,2,4,0,4,151.55,37.8875,37.8875,C22 C26,3.0,1,False,False,False,True,False,False,False,True
500,0,3,1,24.0,0,0,1,1,1,7.7958,7.7958,7.7958,,0.0,0,False,False,True,False,False,False,False,True
501,0,3,1,17.0,0,0,1,1,1,8.6625,8.6625,8.6625,,0.0,0,False,False,True,False,False,False,False,True
502,0,3,0,21.0,0,0,1,1,1,7.75,7.75,7.75,,0.0,0,False,True,False,False,False,False,True,False
503,0,3,0,28.0,0,0,1,1,1,7.6292,7.6292,7.6292,,0.0,0,False,True,False,False,False,False,True,False
504,0,3,0,37.0,0,0,1,1,1,9.5875,9.5875,9.5875,,0.0,0,False,True,False,False,False,False,False,True
505,1,1,0,16.0,0,0,1,1,3,86.5,86.5,28.833333333333332,B79,2.0,1,False,True,False,False,False,False,False,True
506,0,1,1,18.0,1,0,2,0,2,108.9,54.45,54.45,C65,3.0,1,False,False,True,False,False,True,False,False
507,1,2,0,33.0,0,2,3,0,2,26.0,8.666666666666666,13.0,,0.0,0,False,False,False,True,False,False,False,True
508,1,1,1,28.0,0,0,1,1,1,26.55,26.55,26.55,,0.0,0,False,False,True,False,False,False,False,True
509,0,3,1,28.0,0,0,1,1,1,22.525,22.525,22.525,,0.0,0,False,False,True,False,False,False,False,True
510,1,3,1,26.0,0,0,1,1,7,56.4958,56.4958,8.070828571428573,,0.0,0,False,False,True,False,False,False,False,True
511,1,3,1,29.0,0,0,1,1,1,7.75,7.75,7.75,,0.0,0,False,False,True,False,False,False,True,False
512,0,3,1,28.0,0,0,1,1,1,8.05,8.05,8.05,,0.0,0,False,False,True,False,False,False,False,True
513,1,1,1,36.0,0,0,1,1,1,26.2875,26.2875,26.2875,E25,5.0,1,False,False,True,False,False,False,False,True
514,1,1,0,54.0,1,0,2,0,1,59.4,29.7,59.4,,0.0,0,False,False,False,True,False,True,False,False
515,0,3,1,24.0,0,0,1,1,1,7.4958,7.4958,7.4958,,0.0,0,False,False,True,False,False,False,False,True
516,0,1,1,47.0,0,0,1,1,1,34.0208,34.0208,34.0208,D46,4.0,1,False,False,True,False,False,False,False,True
517,1,2,0,34.0,0,0,1,1,1,10.5,10.5,10.5,F33,6.0,1,False,False,False,True,False,False,False,True
518,0,3,1,28.0,0,0,1,1,3,24.15,24.15,8.049999999999999,,0.0,0,False,False,True,False,False,False,True,False
519,1,2,0,36.0,1,0,2,0,1,26.0,13.0,26.0,,0.0,0,False,False,False,True,False,False,False,True
520,0,3,1,32.0,0,0,1,1,1,7.8958,7.8958,7.8958,,0.0,0,False,False,True,False,False,False,False,True
521,1,1,0,30.0,0,0,1,1,2,93.5,93.5,46.75,B73,2.0,1,False,True,False,False,False,False,False,True
522,0,3,1,22.0,0,0,1,1,1,7.8958,7.8958,7.8958,,0.0,0,False,False,True,False,False,False,False,True
523,0,3,1,28.0,0,0,1,1,1,7.225,7.225,7.225,,0.0,0,False,False,True,False,False,True,False,False
524,1,1,0,44.0,0,1,2,0,2,57.9792,28.9896,28.9896,B18,2.0,1,False,False,False,True,False,True,False,False
525,0,3,1,28.0,0,0,1,1,1,7.2292,7.2292,7.2292,,0.0,0,False,False,True,False,False,True,False,False
526,0,3,1,40.5,0,0,1,1,1,7.75,7.75,7.75,,0.0,0,False,False,True,False,False,False,True,False
527,1,2,0,50.0,0,0,1,1,1,10.5,10.5,10.5,,0.0,0,False,True,False,False,False,False,False,True
528,0,1,1,28.0,0,0,1,1,1,221.7792,221.7792,221.7792,C95,3.0,1,False,False,True,False,False,False,False,True
529,0,3,1,39.0,0,0,1,1,1,7.925,7.925,7.925,,0.0,0,False,False,True,False,False,False,False,True
530,0,2,1,23.0,2,1,4,0,1,11.5,2.875,11.5,,0.0,0,False,False,True,False,False,False,False,True
531,1,2,0,2.0,1,1,3,0,2,26.0,8.666666666666666,13.0,,0.0,0,False,True,False,False,False,False,False,True
532,0,3,1,28.0,0,0,1,1,1,7.2292,7.2292,7.2292,,0.0,0,False,False,True,False,False,True,False,False
533,0,3,1,17.0,1,1,3,0,1,7.2292,2.409733333333333,7.2292,,0.0,0,False,False,True,False,False,True,False,False
534,1,3,0,28.0,0,2,3,0,2,22.3583,7.452766666666666,11.17915,,0.0,0,False,False,False,True,False,True,False,False
535,0,3,0,30.0,0,0,1,1,1,8.6625,8.6625,8.6625,,0.0,0,False,True,False,False,False,False,False,True
536,1,2,0,7.0,0,2,3,0,3,26.25,8.75,8.75,,0.0,0,False,True,False,False,False,False,False,True
537,0,1,1,45.0,0,0,1,1,1,26.55,26.55,26.55,B38,2.0,1,False,False,False,False,True,False,False,True
538,1,1,0,30.0,0,0,1,1,2,106.425,106.425,53.2125,,0.0,0,False,True,False,False,False,True,False,False
539,0,3,1,28.0,0,0,1,1,1,14.5,14.5,14.5,,0.0,0,False,False,True,False,False,False,False,True
540,1,1,0,22.0,0,2,3,0,1,49.5,16.5,49.5,B39,2.0,1,False,True,False,False,False,True,False,False
541,1,1,0,36.0,0,2,3,0,2,71.0,23.666666666666668,35.5,B22,2.0,1,False,True,False,False,False,False,False,True
542,0,3,0,9.0,4,2,7,0,7,31.275,4.4678571428571425,4.4678571428571425,,0.0,0,False,True,False,False,False,False,False,True
543,0,3,0,11.0,4,2,7,0,7,31.275,4.4678571428571425,4.4678571428571425,,0.0,0,False,True,False,False,False,False,False,True
544,1,2,1,32.0,1,0,2,0,2,26.0,13.0,13.0,,0.0,0,False,False,True,False,False,False,False,True
545,0,1,1,50.0,1,0,2,0,2,106.425,53.2125,53.2125,C86,3.0,1,False,False,True,False,False,True,False,False
546,0,1,1,64.0,0,0,1,1,1,26.0,26.0,26.0,,0.0,0,False,False,True,False,False,False,False,True
547,1,2,0,19.0,1,0,2,0,2,26.0,13.0,13.0,,0.0,0,False,False,False,True,False,False,False,True
548,1,2,1,28.0,0,0,1,1,1,13.8625,13.8625,13.8625,,0.0,0,False,False,True,False,False,True,False,False
549,0,3,1,33.0,1,1,3,0,3,20.525,6.841666666666666,6.841666666666666,,0.0,0,False,False,True,False,False,False,False,True
550,1,2,1,8.0,1,1,3,0,2,36.75,12.25,18.375,,0.0,0,True,False,False,False,False,False,False,True
551,1,1,1,17.0,0,2,3,0,4,110.8833,36.9611,27.720825,C70,3.0,1,False,False,True,False,False,True,False,False
552,0,2,1,27.0,0,0,1,1,1,26.0,26.0,26.0,,0.0,0,False,False,True,False,False,False,False,True
553,0,3,1,28.0,0,0,1,1,1,7.8292,7.8292,7.8292,,0.0,0,False,False,True,False,False,False,True,False
554,1,3,1,22.0,0,0,1,1,1,7.225,7.225,7.225,,0.0,0,False,False,True,False,False,True,False,False
555,1,3,0,22.0,0,0,1,1,1,7.775,7.775,7.775,,0.0,0,False,True,False,False,False,False,False,True
556,0,1,1,62.0,0,0,1,1,1,26.55,26.55,26.55,,0.0,0,False,False,True,False,False,False,False,True
557,1,1,0,48.0,1,0,2,0,1,39.6,19.8,39.6,A16,1.0,1,False,False,False,False,True,True,False,False
558,0,1,1,28.0,0,0,1,1,4,227.525,227.525,56.88125,,0.0,0,False,False,True,False,False,True,False,False
559,1,1,0,39.0,1,1,3,0,3,79.65,26.55,26.55,E67,5.0,1,False,False,False,True,False,False,False,True
560,1,3,0,36.0,1,0,2,0,1,17.4,8.7,17.4,,0.0,0,False,False,False,True,False,False,False,True
561,0,3,1,28.0,0,0,1,1,1,7.75,7.75,7.75,,0.0,0,False,False,True,False,False,False,True,False
562,0,3,1,40.0,0,0,1,1,1,7.8958,7.8958,7.8958,,0.0,0,False,False,True,False,False,False,False,True
563,0,2,1,28.0,0,0,1,1,1,13.5,13.5,13.5,,0.0,0,False,False,True,False,False,False,False,True
564,0,3,1,28.0,0,0,1,1,1,8.05,8.05,8.05,,0.0,0,False,False,True,False,False,False,False,True
565,0,3,0,28.0,0,0,1,1,1,8.05,8.05,8.05,,0.0,0,False,True,False,False,False,False,False,True
566,0,3,1,24.0,2,0,3,0,2,24.15,8.049999999999999,12.075,,0.0,0,False,False,True,False,False,False,False,True
567,0,3,1,19.0,0,0,1,1,1,7.8958,7.8958,7.8958,,0.0,0,False,False,True,False,False,False,False,True
568,0,3,0,29.0,0,4,5,0,4,21.075,4.215,5.26875,,0.0,0,False,False,False,True,False,False,False,True
569,0,3,1,28.0,0,0,1,1,1,7.2292,7.2292,7.2292,,0.0,0,False,False,True,False,False,True,False,False
570,1,3,1,32.0,0,0,1,1,1,7.8542,7.8542,7.8542,,0.0,0,False,False,True,False,False,False,False,True
571,1,2,1,62.0,0,0,1,1,1,10.5,10.5,10.5,,0.0,0,False,False,True,False,False,False,False,True
572,1,1,0,53.0,2,0,3,0,1,51.4792,17.15973333333333,51.4792,C101,3.0,1,False,False,False,True,False,False,False,True
573,1,1,1,36.0,0,0,1,1,1,26.3875,26.3875,26.3875,E25,5.0,1,False,False,True,False,False,False,False,True
574,1,3,0,28.0,0,0,1,1,1,7.75,7.75,7.75,,0.0,0,False,True,False,False,False,False,True,False
575,0,3,1,16.0,0,0,1,1,1,8.05,8.05,8.05,,0.0,0,False,False,True,False,False,False,False,True
576,0,3,1,19.0,0,0,1,1,2,14.5,14.5,7.25,,0.0,0,False,False,True,False,False,False,False,True
577,1,2,0,34.0,0,0,1,1,1,13.0,13.0,13.0,,0.0,0,False,True,False,False,False,False,False,True
578,1,1,0,39.0,1,0,2,0,2,55.9,27.95,27.95,E44,5.0,1,False,False,False,True,False,False,False,True
579,0,3,0,28.0,1,0,2,0,1,14.4583,7.22915,14.4583,,0.0,0,False,False,False,True,False,True,False,False
580,1,3,1,32.0,0,0,1,1,1,7.925,7.925,7.925,,0.0,0,False,False,True,False,False,False,False,True
581,1,2,0,25.0,1,1,3,0,1,30.0,10.0,30.0,,0.0,0,False,True,False,False,False,False,False,True
582,1,1,0,39.0,1,1,3,0,4,110.8833,36.9611,27.720825,C68,3.0,1,False,False,False,True,False,True,False,False
583,0,2,1,54.0,0,0,1,1,2,26.0,26.0,13.0,,0.0,0,False,False,True,False,False,False,False,True
584,0,1,1,36.0,0,0,1,1,1,40.125,40.125,40.125,A10,1.0,1,False,False,True,False,False,True,False,False
585,0,3,1,28.0,0,0,1,1,1,8.7125,8.7125,8.7125,,0.0,0,False,False,True,False,False,True,False,False
586,1,1,0,18.0,0,2,3,0,3,79.65,26.55,26.55,E68,5.0,1,False,True,False,False,False,False,False,True
587,0,2,1,47.0,0,0,1,1,1,15.0,15.0,15.0,,0.0,0,False,False,True,False,False,False,False,True
588,1,1,1,60.0,1,1,3,0,1,79.2,26.400000000000002,79.2,B41,2.0,1,False,False,True,False,False,True,False,False
589,0,3,1,22.0,0,0,1,1,1,8.05,8.05,8.05,,0.0,0,False,False,True,False,False,False,False,True
590,0,3,1,28.0,0,0,1,1,1,8.05,8.05,8.05,,0.0,0,False,False,True,False,False,False,False,True
591,0,3,1,35.0,0,0,1,1,1,7.125,7.125,7.125,,0.0,0,False,False,True,False,False,False,False,True
592,1,1,0,52.0,1,0,2,0,2,78.2667,39.13335,39.13335,D20,4.0,1,False,False,False,True,False,True,False,False
593,0,3,1,47.0,0,0,1,1,1,7.25,7.25,7.25,,0.0,0,False,False,True,False,False,False,False,True
594,0,3,0,28.0,0,2,3,0,1,7.75,2.5833333333333335,7.75,,0.0,0,False,True,False,False,False,False,True,False
595,0,2,1,37.0,1,0,2,0,1,26.0,13.0,26.0,,0.0,0,False,False,True,False,False,False,False,True
596,0,3,1,36.0,1,1,3,0,3,24.15,8.049999999999999,8.049999999999999,,0.0,0,False,False,True,False,False,False,False,True
597,1,2,0,28.0,0,0,1,1,3,33.0,33.0,11.0,,0.0,0,False,True,False,False,False,False,False,True
598,0,3,1,49.0,0,0,1,1,4,0.0,0.0,0.0,,0.0,0,False,False,True,False,False,False,False,True
599,0,3,1,28.0,0,0,1,1,1,7.225,7.225,7.225,,0.0,0,False,False,True,False,False,True,False,False
600,1,1,1,49.0,1,0,2,0,2,56.9292,28.4646,28.4646,A20,1.0,1,False,False,False,False,True,True,False,False
601,1,2,0,24.0,2,1,4,0,2,27.0,6.75,13.5,,0.0,0,False,False,False,True,False,False,False,True
602,0,3,1,28.0,0,0,1,1,1,7.8958,7.8958,7.8958,,0.0,0,False,False,True,False,False,False,False,True
603,0,1,1,28.0,0,0,1,1,1,42.4,42.4,42.4,,0.0,0,False,False,True,False,False,False,False,True
604,0,3,1,44.0,0,0,1,1,1,8.05,8.05,8.05,,0.0,0,False,False,True,False,False,False,False,True
605,1,1,1,35.0,0,0,1,1,1,26.55,26.55,26.55,,0.0,0,False,False,True,False,False,True,False,False
606,0,3,1,36.0,1,0,2,0,1,15.55,7.775,15.55,,0.0,0,False,False,True,False,False,False,False,True
607,0,3,1,30.0,0,0,1,1,1,7.8958,7.8958,7.8958,,0.0,0,False,False,True,False,False,False,False,True
608,1,1,1,27.0,0,0,1,1,1,30.5,30.5,30.5,,0.0,0,False,False,True,False,False,False,False,True
609,1,2,0,22.0,1,2,4,0,3,41.5792,10.3948,13.859733333333333,,0.0,0,False,False,False,True,False,True,False,False
610,1,1,0,40.0,0,0,1,1,3,153.4625,153.4625,51.15416666666667,C125,3.0,1,False,True,False,False,False,False,False,True
611,0,3,0,39.0,1,5,7,0,7,31.275,4.4678571428571425,4.4678571428571425,,0.0,0,False,False,False,True,False,False,False,True
612,0,3,1,28.0,0,0,1,1,1,7.05,7.05,7.05,,0.0,0,False,False,True,False,False,False,False,True
613,1,3,0,28.0,1,0,2,0,2,15.5,7.75,7.75,,0.0,0,False,True,False,False,False,False,True,False
614,0,3,1,28.0,0,0,1,1,1,7.75,7.75,7.75,,0.0,0,False,False,True,False,False,False,True,False
615,0,3,1,35.0,0,0,1,1,1,8.05,8.05,8.05,,0.0,0,False,False,True,False,False,False,False,True
616,1,2,0,24.0,1,2,4,0,2,65.0,16.25,32.5,,0.0,0,False,True,False,False,False,False,False,True
617,0,3,1,34.0,1,1,3,0,2,14.4,4.8,7.2,,0.0,0,False,False,True,False,False,False,False,True
618,0,3,0,26.0,1,0,2,0,2,16.1,8.05,8.05,,0.0,0,False,False,False,True,False,False,False,True
619,1,2,0,4.0,2,1,4,0,2,39.0,9.75,19.5,F4,6.0,1,False,True,False,False,False,False,False,True
620,0,2,1,26.0,0,0,1,1,1,10.5,10.5,10.5,,0.0,0,False,False,True,False,False,False,False,True
621,0,3,1,27.0,1,0,2,0,2,14.4542,7.2271,7.2271,,0.0,0,False,False,True,False,False,True,False,False
622,1,1,1,42.0,1,0,2,0,1,52.5542,26.2771,52.5542,D19,4.0,1,False,False,True,False,False,False,False,True
623,1,3,1,20.0,1,1,3,0,2,15.7417,5.247233333333333,7.87085,,0.0,0,False,False,True,False,False,True,False,False
624,0,3,1,21.0,0,0,1,1,1,7.8542,7.8542,7.8542,,0.0,0,False,False,True,False,False,False,False,True
625,0,3,1,21.0,0,0,1,1,2,16.1,16.1,8.05,,0.0,0,False,False,True,False,False,False,False,True
626,0,1,1,61.0,0,0,1,1,1,32.3208,32.3208,32.3208,D50,4.0,1,False,False,True,False,False,False,False,True
627,0,2,1,57.0,0,0,1,1,1,12.35,12.35,12.35,,0.0,0,False,False,False,False,True,False,True,False
628,1,1,0,21.0,0,0,1,1,3,77.9583,77.9583,25.986099999999997,D9,4.0,1,False,True,False,False,False,False,False,True
629,0,3,1,26.0,0,0,1,1,1,7.8958,7.8958,7.8958,,0.0,0,False,False,True,False,False,False,False,True
630,0,3,1,28.0,0,0,1,1,1,7.7333,7.7333,7.7333,,0.0,0,False,False,True,False,False,False,True,False
631,1,1,1,80.0,0,0,1,1,1,30.0,30.0,30.0,A23,1.0,1,False,False,True,False,False,False,False,True
632,0,3,1,51.0,0,0,1,1,1,7.0542,7.0542,7.0542,,0.0,0,False,False,True,False,False,False,False,True
633,1,1,1,32.0,0,0,1,1,1,30.5,30.5,30.5,B50,2.0,1,False,False,False,False,True,True,False,False
634,0,1,1,28.0,0,0,1,1,1,0.0,0.0,0.0,,0.0,0,False,False,True,False,False,False,False,True
635,0,3,0,9.0,3,2,6,0,6,27.9,4.6499999999999995,4.6499999999999995,,0.0,0,False,True,False,False,False,False,False,True
636,1,2,0,28.0,0,0,1,1,1,13.0,13.0,13.0,,0.0,0,False,True,False,False,False,False,False,True
637,0,3,1,32.0,0,0,1,1,1,7.925,7.925,7.925,,0.0,0,False,False,True,False,False,False,False,True
638,0,2,1,31.0,1,1,3,0,3,26.25,8.75,8.75,,0.0,0,False,False,True,False,False,False,False,True
639,0,3,0,41.0,0,5,6,0,6,39.6875,6.614583333333333,6.614583333333333,,0.0,0,False,False,False,True,False,False,False,True
640,0,3,1,28.0,1,0,2,0,2,16.1,8.05,8.05,,0.0,0,False,False,True,False,False,False,False,True
641,0,3,1,20.0,0,0,1,1,1,7.8542,7.8542,7.8542,,0.0,0,False,False,True,False,False,False,False,True
642,1,1,0,24.0,0,0,1,1,2,69.3,69.3,34.65,B35,2.0,1,False,False,False,False,True,True,False,False
643,0,3,0,2.0,3,2,6,0,6,27.9,4.6499999999999995,4.6499999999999995,,0.0,0,False,True,False,False,False,False,False,True
644,1,3,1,28.0,0,0,1,1,7,56.4958,56.4958,8.070828571428573,,0.0,0,False,False,True,False,False,False,False,True
645,1,3,0,0.75,2,1,4,0,4,19.2583,4.814575,4.814575,,0.0,0,False,True,False,False,False,True,False,False
646,1,1,1,48.0,1,0,2,0,3,76.7292,38.3646,25.576400000000003,D33,4.0,1,False,False,True,False,False,True,False,False
647,0,3,1,19.0,0,0,1,1,1,7.8958,7.8958,7.8958,,0.0,0,False,False,True,False,False,False,False,True
648,1,1,1,56.0,0,0,1,1,1,35.5,35.5,35.5,A26,1.0,1,False,False,False,False,True,True,False,False
649,0,3,1,28.0,0,0,1,1,1,7.55,7.55,7.55,,0.0,0,False,False,True,False,False,False,False,True
650,1,3,0,23.0,0,0,1,1,1,7.55,7.55,7.55,,0.0,0,False,True,False,False,False,False,False,True
651,0,3,1,28.0,0,0,1,1,1,7.8958,7.8958,7.8958,,0.0,0,False,False,True,False,False,False,False,True
652,1,2,0,18.0,0,1,2,0,2,23.0,11.5,11.5,,0.0,0,False,True,False,False,False,False,False,True
653,0,3,1,21.0,0,0,1,1,1,8.4333,8.4333,8.4333,,0.0,0,False,False,True,False,False,False,False,True
654,1,3,0,28.0,0,0,1,1,1,7.8292,7.8292,7.8292,,0.0,0,False,True,False,False,False,False,True,False
655,0,3,0,18.0,0,0,1,1,1,6.75,6.75,6.75,,0.0,0,False,True,False,False,False,False,True,False
656,0,2,1,24.0,2,0,3,0,5,73.5,24.5,14.7,,0.0,0,False,False,True,False,False,False,False,True
657,0,3,1,28.0,0,0,1,1,1,7.8958,7.8958,7.8958,,0.0,0,False,False,True,False,False,False,False,True
658,0,3,0,32.0,1,1,3,0,2,15.5,5.166666666666667,7.75,,0.0,0,False,False,False,True,False,False,True,False
659,0,2,1,23.0,0,0,1,1,1,13.0,13.0,13.0,,0.0,0,False,False,True,False,False,False,False,True
660,0,1,1,58.0,0,2,3,0,3,113.275,37.75833333333333,37.75833333333333,D48,4.0,1,False,False,True,False,False,True,False,False
661,1,1,1,50.0,2,0,3,0,2,133.65,44.550000000000004,66.825,,0.0,0,False,False,False,False,True,False,False,True
662,0,3,1,40.0,0,0,1,1,1,7.225,7.225,7.225,,0.0,0,False,False,True,False,False,True,False,False
663,0,1,1,47.0,0,0,1,1,1,25.5875,25.5875,25.5875,E58,5.0,1,False,False,True,False,False,False,False,True
664,0,3,1,36.0,0,0,1,1,1,7.4958,7.4958,7.4958,,0.0,0,False,False,True,False,False,False,False,True
665,1,3,1,20.0,1,0,2,0,1,7.925,3.9625,7.925,,0.0,0,False,False,True,False,False,False,False,True
666,0,2,1,32.0,2,0,3,0,5,73.5,24.5,14.7,,0.0,0,False,False,True,False,False,False,False,True
667,0,2,1,25.0,0,0,1,1,1,13.0,13.0,13.0,,0.0,0,False,False,True,False,False,False,False,True
668,0,3,1,28.0,0,0,1,1,1,7.775,7.775,7.775,,0.0,0,False,False,True,False,False,False,False,True
669,0,3,1,43.0,0,0,1,1,1,8.05,8.05,8.05,,0.0,0,False,False,True,False,False,False,False,True
670,1,1,0,28.0,1,0,2,0,2,52.0,26.0,26.0,C126,3.0,1,False,False,False,True,False,False,False,True
671,1,2,0,40.0,1,1,3,0,2,39.0,13.0,19.5,,0.0,0,False,False,False,True,False,False,False,True
672,0,1,1,31.0,1,0,2,0,1,52.0,26.0,52.0,B71,2.0,1,False,False,True,False,False,False,False,True
673,0,2,1,70.0,0,0,1,1,1,10.5,10.5,10.5,,0.0,0,False,False,True,False,False,False,False,True
674,1,2,1,31.0,0,0,1,1,1,13.0,13.0,13.0,,0.0,0,False,False,True,False,False,False,False,True
675,0,2,1,28.0,0,0,1,1,1,0.0,0.0,0.0,,0.0,0,False,False,True,False,False,False,False,True
676,0,3,1,18.0,0,0,1,1,1,7.775,7.775,7.775,,0.0,0,False,False,True,False,False,False,False,True
677,0,3,1,24.5,0,0,1,1,1,8.05,8.05,8.05,,0.0,0,False,False,True,False,False,False,False,True
678,1,3,0,18.0,0,0,1,1,1,9.8417,9.8417,9.8417,,0.0,0,False,True,False,False,False,False,False,True
679,0,3,0,43.0,1,6,8,0,6,46.9,5.8625,7.816666666666666,,0.0,0,False,False,False,True,False,False,False,True
680,1,1,1,36.0,0,1,2,0,3,512.3292,256.1646,170.7764,B51 B53 B55,2.0,1,False,False,True,False,False,True,False,False
681,0,3,0,28.0,0,0,1,1,1,8.1375,8.1375,8.1375,,0.0,0,False,True,False,False,False,False,True,False
682,1,1,1,27.0,0,0,1,1,3,76.7292,76.7292,25.576400000000003,D49,4.0,1,False,False,True,False,False,True,False,False
683,0,3,1,20.0,0,0,1,1,1,9.225,9.225,9.225,,0.0,0,False,False,True,False,False,False,False,True
684,0,3,1,14.0,5,2,8,0,6,46.9,5.8625,7.816666666666666,,0.0,0,False,False,True,False,False,False,False,True
685,0,2,1,60.0,1,1,3,0,2,39.0,13.0,19.5,,0.0,0,False,False,True,False,False,False,False,True
686,0,2,1,25.0,1,2,4,0,3,41.5792,10.3948,13.859733333333333,,0.0,0,False,False,True,False,False,True,False,False
687,0,3,1,14.0,4,1,6,0,6,39.6875,6.614583333333333,6.614583333333333,,0.0,0,False,False,True,False,False,False,False,True
688,0,3,1,19.0,0,0,1,1,1,10.1708,10.1708,10.1708,,0.0,0,False,False,True,False,False,False,False,True
689,0,3,1,18.0,0,0,1,1,1,7.7958,7.7958,7.7958,,0.0,0,False,False,True,False,False,False,False,True
690,1,1,0,15.0,0,1,2,0,3,211.3375,105.66875,70.44583333333334,B5,2.0,1,False,True,False,False,False,False,False,True
691,1,1,1,31.0,1,0,2,0,2,57.0,28.5,28.5,B20,2.0,1,False,False,True,False,False,False,False,True
692,1,3,0,4.0,0,1,2,0,1,13.4167,6.70835,13.4167,,0.0,0,False,True,False,False,False,True,False,False
693,1,3,1,28.0,0,0,1,1,7,56.4958,56.4958,8.070828571428573,,0.0,0,False,False,True,False,False,False,False,True
694,0,3,1,25.0,0,0,1,1,1,7.225,7.225,7.225,,0.0,0,False,False,True,False,False,True,False,False
695,0,1,1,60.0,0,0,1,1,1,26.55,26.55,26.55,,0.0,0,False,False,False,False,True,False,False,True
696,0,2,1,52.0,0,0,1,1,1,13.5,13.5,13.5,,0.0,0,False,False,True,False,False,False,False,True
697,0,3,1,44.0,0,0,1,1,1,8.05,8.05,8.05,,0.0,0,False,False,True,False,False,False,False,True
698,1,3,0,28.0,0,0,1,1,1,7.7333,7.7333,7.7333,,0.0,0,False,True,False,False,False,False,True,False
699,0,1,1,49.0,1,1,3,0,4,110.8833,36.9611,27.720825,C68,3.0,1,False,False,True,False,False,True,False,False
700,0,3,1,42.0,0,0,1,1,1,7.65,7.65,7.65,F G63,6.0,1,False,False,True,False,False,False,False,True
701,1,1,0,18.0,1,0,2,0,4,227.525,113.7625,56.88125,C62 C64,3.0,1,False,False,False,True,False,True,False,False
702,1,1,1,35.0,0,0,1,1,1,26.2875,26.2875,26.2875,E24,5.0,1,False,False,True,False,False,False,False,True
703,0,3,0,18.0,0,1,2,0,2,14.4542,7.2271,7.2271,,0.0,0,False,True,False,False,False,True,False,False
704,0,3,1,25.0,0,0,1,1,1,7.7417,7.7417,7.7417,,0.0,0,False,False,True,False,False,False,True,False
705,0,3,1,26.0,1,0,2,0,1,7.8542,3.9271,7.8542,,0.0,0,False,False,True,False,False,False,False,True
706,0,2,1,39.0,0,0,1,1,2,26.0,26.0,13.0,,0.0,0,False,False,True,False,False,False,False,True
707,1,2,0,45.0,0,0,1,1,1,13.5,13.5,13.5,,0.0,0,False,False,False,True,False,False,False,True
708,1,1,1,42.0,0,0,1,1,1,26.2875,26.2875,26.2875,E24,5.0,1,False,False,True,False,False,False,False,True
709,1,1,0,22.0,0,0,1,1,4,151.55,151.55,37.8875,,0.0,0,False,True,False,False,False,False,False,True
710,1,3,1,28.0,1,1,3,0,2,15.2458,5.081933333333333,7.6229,,0.0,0,True,False,False,False,False,True,False,False
711,1,1,0,24.0,0,0,1,1,1,49.5042,49.5042,49.5042,C90,3.0,1,False,False,False,False,True,True,False,False
712,0,1,1,28.0,0,0,1,1,1,26.55,26.55,26.55,C124,3.0,1,False,False,True,False,False,False,False,True
713,1,1,1,48.0,1,0,2,0,2,52.0,26.0,26.0,C126,3.0,1,False,False,True,False,False,False,False,True
714,0,3,1,29.0,0,0,1,1,1,9.4833,9.4833,9.4833,,0.0,0,False,False,True,False,False,False,False,True
715,0,2,1,52.0,0,0,1,1,2,13.0,13.0,6.5,,0.0,0,False,False,True,False,False,False,False,True
716,0,3,1,19.0,0,0,1,1,1,7.65,7.65,7.65,F G73,6.0,1,False,False,True,False,False,False,False,True
717,1,1,0,38.0,0,0,1,1,4,227.525,227.525,56.88125,C45,3.0,1,False,True,False,False,False,True,False,False
718,1,2,0,27.0,0,0,1,1,1,10.5,10.5,10.5,E101,5.0,1,False,True,False,False,False,False,False,True
719,0,3,1,28.0,0,0,1,1,1,15.5,15.5,15.5,,0.0,0,False,False,True,False,False,False,True,False
720,0,3,1,33.0,0,0,1,1,1,7.775,7.775,7.775,,0.0,0,False,False,True,False,False,False,False,True
721,1,2,0,6.0,0,1,2,0,3,33.0,16.5,11.0,,0.0,0,False,True,False,False,False,False,False,True
722,0,3,1,17.0,1,0,2,0,1,7.0542,3.5271,7.0542,,0.0,0,False,False,True,False,False,False,False,True
723,0,2,1,34.0,0,0,1,1,1,13.0,13.0,13.0,,0.0,0,False,False,True,False,False,False,False,True
724,0,2,1,50.0,0,0,1,1,1,13.0,13.0,13.0,,0.0,0,False,False,True,False,False,False,False,True
725,1,1,1,27.0,1,0,2,0,2,53.1,26.55,26.55,E8,5.0,1,False,False,True,False,False,False,False,True
726,0,3,1,20.0,0,0,1,1,1,8.6625,8.6625,8.6625,,0.0,0,False,False,True,False,False,False,False,True
727,1,2,0,30.0,3,0,4,0,2,21.0,5.25,10.5,,0.0,0,False,False,False,True,False,False,False,True
728,1,3,0,28.0,0,0,1,1,1,7.7375,7.7375,7.7375,,0.0,0,False,True,False,False,False,False,True,False
729,0,2,1,25.0,1,0,2,0,1,26.0,13.0,26.0,,0.0,0,False,False,True,False,False,False,False,True
730,0,3,0,25.0,1,0,2,0,1,7.925,3.9625,7.925,,0.0,0,False,True,False,False,False,False,False,True
731,1,1,0,29.0,0,0,1,1,3,211.3375,211.3375,70.44583333333334,B5,2.0,1,False,True,False,False,False,False,False,True
732,0,3,1,11.0,0,0,1,1,2,18.7875,18.7875,9.39375,,0.0,0,False,False,True,False,False,True,False,False
733,0,2,1,28.0,0,0,1,1,1,0.0,0.0,0.0,,0.0,0,False,False,True,False,False,False,False,True
734,0,2,1,23.0,0,0,1,1,1,13.0,13.0,13.0,,0.0,0,False,False,True,False,False,False,False,True
735,0,2,1,23.0,0,0,1,1,1,13.0,13.0,13.0,,0.0,0,False,False,True,False,False,False,False,True
736,0,3,1,28.5,0,0,1,1,2,16.1,16.1,8.05,,0.0,0,False,False,True,False,False,False,False,True
737,0,3,0,48.0,1,3,5,0,4,34.375,6.875,8.59375,,0.0,0,False,False,False,True,False,False,False,True
738,1,1,1,35.0,0,0,1,1,3,512.3292,512.3292,170.7764,B101,2.0,1,False,False,True,False,False,True,False,False
739,0,3,1,28.0,0,0,1,1,1,7.8958,7.8958,7.8958,,0.0,0,False,False,True,False,False,False,False,True
740,0,3,1,28.0,0,0,1,1,1,7.8958,7.8958,7.8958,,0.0,0,False,False,True,False,False,False,False,True
741,1,1,1,28.0,0,0,1,1,1,30.0,30.0,30.0,D45,4.0,1,False,False,True,False,False,False,False,True
742,0,1,1,36.0,1,0,2,0,2,78.85,39.425,39.425,C46,3.0,1,False,False,True,False,False,False,False,True
743,1,1,0,21.0,2,2,5,0,2,262.375,52.475,131.1875,B57 B59 B63 B66,2.0,1,False,True,False,False,False,True,False,False
744,0,3,1,24.0,1,0,2,0,1,16.1,8.05,16.1,,0.0,0,False,False,True,False,False,False,False,True
745,1,3,1,31.0,0,0,1,1,1,7.925,7.925,7.925,,0.0,0,False,False,True,False,False,False,False,True
746,0,1,1,70.0,1,1,3,0,2,71.0,23.666666666666668,35.5,B22,2.0,1,False,False,False,False,True,False,False,True
747,0,3,1,16.0,1,1,3,0,2,20.25,6.75,10.125,,0.0,0,False,False,True,False,False,False,False,True
748,1,2,0,30.0,0,0,1,1,1,13.0,13.0,13.0,,0.0,0,False,True,False,False,False,False,False,True
749,0,1,1,19.0,1,0,2,0,1,53.1,26.55,53.1,D30,4.0,1,False,False,True,False,False,False,False,True
750,0,3,1,31.0,0,0,1,1,1,7.75,7.75,7.75,,0.0,0,False,False,True,False,False,False,True,False
751,1,2,0,4.0,1,1,3,0,1,23.0,7.666666666666667,23.0,,0.0,0,False,True,False,False,False,False,False,True
752,1,3,1,6.0,0,1,2,0,2,12.475,6.2375,6.2375,E121,5.0,1,True,False,False,False,False,False,False,True
753,0,3,1,33.0,0,0,1,1,1,9.5,9.5,9.5,,0.0,0,False,False,True,False,False,False,False,True
754,0,3,1,23.0,0,0,1,1,1,7.8958,7.8958,7.8958,,0.0,0,False,False,True,False,False,False,False,True
755,1,2,0,48.0,1,2,4,0,2,65.0,16.25,32.5,,0.0,0,False,False,False,True,False,False,False,True
756,1,2,1,0.67,1,1,3,0,2,14.5,4.833333333333333,7.25,,0.0,0,True,False,False,False,False,False,False,True
757,0,3,1,28.0,0,0,1,1,1,7.7958,7.7958,7.7958,,0.0,0,False,False,True,False,False,False,False,True
758,0,2,1,18.0,0,0,1,1,1,11.5,11.5,11.5,,0.0,0,False,False,True,False,False,False,False,True
759,0,3,1,34.0,0,0,1,1,1,8.05,8.05,8.05,,0.0,0,False,False,True,False,False,False,False,True
760,1,1,0,33.0,0,0,1,1,3,86.5,86.5,28.833333333333332,B77,2.0,1,False,False,False,False,True,False,False,True
761,0,3,1,28.0,0,0,1,1,2,14.5,14.5,7.25,,0.0,0,False,False,True,False,False,False,False,True
762,0,3,1,41.0,0,0,1,1,1,7.125,7.125,7.125,,0.0,0,False,False,True,False,False,False,False,True
763,1,3,1,20.0,0,0,1,1,1,7.2292,7.2292,7.2292,,0.0,0,False,False,True,False,False,True,False,False
764,1,1,0,36.0,1,2,4,0,4,120.0,30.0,30.0,B96 B98,2.0,1,False,False,False,True,False,False,False,True
765,0,3,1,16.0,0,0,1,1,1,7.775,7.775,7.775,,0.0,0,False,False,True,False,False,False,False,True
766,1,1,0,51.0,1,0,2,0,3,77.9583,38.97915,25.986099999999997,D11,4.0,1,False,False,False,True,False,False,False,True
767,0,1,1,28.0,0,0,1,1,1,39.6,39.6,39.6,,0.0,0,False,False,False,False,True,True,False,False
768,0,3,0,30.5,0,0,1,1,1,7.75,7.75,7.75,,0.0,0,False,True,False,False,False,False,True,False
769,0,3,1,28.0,1,0,2,0,3,24.15,12.075,8.049999999999999,,0.0,0,False,False,True,False,False,False,True,False
770,0,3,1,32.0,0,0,1,1,1,8.3625,8.3625,8.3625,,0.0,0,False,False,True,False,False,False,False,True
771,0,3,1,24.0,0,0,1,1,1,9.5,9.5,9.5,,0.0,0,False,False,True,False,False,False,False,True
772,0,3,1,48.0,0,0,1,1,1,7.8542,7.8542,7.8542,,0.0,0,False,False,True,False,False,False,False,True
773,0,2,0,57.0,0,0,1,1,2,10.5,10.5,5.25,E77,5.0,1,False,False,False,True,False,False,False,True
774,0,3,1,28.0,0,0,1,1,1,7.225,7.225,7.225,,0.0,0,False,False,True,False,False,True,False,False
775,1,2,0,54.0,1,3,5,0,1,23.0,4.6,23.0,,0.0,0,False,False,False,True,False,False,False,True
776,0,3,1,18.0,0,0,1,1,1,7.75,7.75,7.75,,0.0,0,False,False,True,False,False,False,False,True
777,0,3,1,28.0,0,0,1,1,1,7.75,7.75,7.75,F38,6.0,1,False,False,True,False,False,False,True,False
778,1,3,0,5.0,0,0,1,1,2,12.475,12.475,6.2375,,0.0,0,False,True,False,False,False,False,False,True
779,0,3,1,28.0,0,0,1,1,1,7.7375,7.7375,7.7375,,0.0,0,False,False,True,False,False,False,True,False
780,1,1,0,43.0,0,1,2,0,3,211.3375,105.66875,70.44583333333334,B3,2.0,1,False,False,False,True,False,False,False,True
781,1,3,0,13.0,0,0,1,1,1,7.2292,7.2292,7.2292,,0.0,0,False,True,False,False,False,True,False,False
782,1,1,0,17.0,1,0,2,0,2,57.0,28.5,28.5,B20,2.0,1,False,False,False,True,False,False,False,True
783,0,1,1,29.0,0,0,1,1,1,30.0,30.0,30.0,D6,4.0,1,False,False,True,False,False,False,False,True
784,0,3,1,28.0,1,2,4,0,2,23.45,5.8625,11.725,,0.0,0,False,False,True,False,False,False,False,True
785,0,3,1,25.0,0,0,1,1,1,7.05,7.05,7.05,,0.0,0,False,False,True,False,False,False,False,True
786,0,3,1,25.0,0,0,1,1,1,7.25,7.25,7.25,,0.0,0,False,False,True,False,False,False,False,True
787,1,3,0,18.0,0,0,1,1,1,7.4958,7.4958,7.4958,,0.0,0,False,True,False,False,False,False,False,True
788,0,3,1,8.0,4,1,6,0,5,29.125,4.854166666666667,5.825,,0.0,0,True,False,False,False,False,False,True,False
789,1,3,1,1.0,1,2,4,0,2,20.575,5.14375,10.2875,,0.0,0,True,False,False,False,False,False,False,True
790,0,1,1,46.0,0,0,1,1,2,79.2,79.2,39.6,B82 B84,2.0,1,False,False,True,False,False,True,False,False
791,0,3,1,28.0,0,0,1,1,1,7.75,7.75,7.75,,0.0,0,False,False,True,False,False,False,True,False
792,0,2,1,16.0,0,0,1,1,2,26.0,26.0,13.0,,0.0,0,False,False,True,False,False,False,False,True
793,0,3,0,28.0,8,2,11,0,7,69.55,6.322727272727272,9.935714285714285,,0.0,0,False,True,False,False,False,False,False,True
794,0,1,1,28.0,0,0,1,1,1,30.6958,30.6958,30.6958,,0.0,0,False,False,True,False,False,True,False,False
795,0,3,1,25.0,0,0,1,1,1,7.8958,7.8958,7.8958,,0.0,0,False,False,True,False,False,False,False,True
796,0,2,1,39.0,0,0,1,1,1,13.0,13.0,13.0,,0.0,0,False,False,True,False,False,False,False,True
797,1,1,0,49.0,0,0,1,1,1,25.9292,25.9292,25.9292,D17,4.0,1,False,False,False,False,True,False,False,True
798,1,3,0,31.0,0,0,1,1,1,8.6833,8.6833,8.6833,,0.0,0,False,False,False,True,False,False,False,True
799,0,3,1,30.0,0,0,1,1,1,7.2292,7.2292,7.2292,,0.0,0,False,False,True,False,False,True,False,False
800,0,3,0,30.0,1,1,3,0,3,24.15,8.049999999999999,8.049999999999999,,0.0,0,False,False,False,True,False,False,False,True
801,0,2,1,34.0,0,0,1,1,2,13.0,13.0,6.5,,0.0,0,False,False,True,False,False,False,False,True
802,1,2,0,31.0,1,1,3,0,3,26.25,8.75,8.75,,0.0,0,False,False,False,True,False,False,False,True
803,1,1,1,11.0,1,2,4,0,4,120.0,30.0,30.0,B96 B98,2.0,1,True,False,False,False,False,False,False,True
804,1,3,1,0.42,0,1,2,0,1,8.5167,4.25835,8.5167,,0.0,0,True,False,False,False,False,True,False,False
805,1,3,1,27.0,0,0,1,1,1,6.975,6.975,6.975,,0.0,0,False,False,True,False,False,False,False,True
806,0,3,1,31.0,0,0,1,1,1,7.775,7.775,7.775,,0.0,0,False,False,True,False,False,False,False,True
807,0,1,1,39.0,0,0,1,1,1,0.0,0.0,0.0,A36,1.0,1,False,False,True,False,False,False,False,True
808,0,3,0,18.0,0,0,1,1,1,7.775,7.775,7.775,,0.0,0,False,True,False,False,False,False,False,True
809,0,2,1,39.0,0,0,1,1,1,13.0,13.0,13.0,,0.0,0,False,False,True,False,False,False,False,True
810,1,1,0,33.0,1,0,2,0,2,53.1,26.55,26.55,E8,5.0,1,False,False,False,True,False,False,False,True
811,0,3,1,26.0,0,0,1,1,1,7.8875,7.8875,7.8875,,0.0,0,False,False,True,False,False,False,False,True
812,0,3,1,39.0,0,0,1,1,2,24.15,24.15,12.075,,0.0,0,False,False,True,False,False,False,False,True
813,0,2,1,35.0,0,0,1,1,1,10.5,10.5,10.5,,0.0,0,False,False,True,False,False,False,False,True
814,0,3,0,6.0,4,2,7,0,7,31.275,4.4678571428571425,4.4678571428571425,,0.0,0,False,True,False,False,False,False,False,True
815,0,3,1,30.5,0,0,1,1,1,8.05,8.05,8.05,,0.0,0,False,False,True,False,False,False,False,True
816,0,1,1,28.0,0,0,1,1,1,0.0,0.0,0.0,B102,2.0,1,False,False,True,False,False,False,False,True
817,0,3,0,23.0,0,0,1,1,1,7.925,7.925,7.925,,0.0,0,False,True,False,False,False,False,False,True
818,0,2,1,31.0,1,1,3,0,2,37.0042,12.334733333333332,18.5021,,0.0,0,False,False,True,False,False,True,False,False
819,0,3,1,43.0,0,0,1,1,1,6.45,6.45,6.45,,0.0,0,False,False,True,False,False,False,False,True
820,0,3,1,10.0,3,2,6,0,6,27.9,4.6499999999999995,4.6499999999999995,,0.0,0,True,False,False,False,False,False,False,True
821,1,1,0,52.0,1,1,3,0,2,93.5,31.166666666666668,46.75,B69,2.0,1,False,False,False,True,False,False,False,True
822,1,3,1,27.0,0,0,1,1,1,8.6625,8.6625,8.6625,,0.0,0,False,False,True,False,False,False,False,True
823,0,1,1,38.0,0,0,1,1,1,0.0,0.0,0.0,,0.0,0,False,False,False,False,True,False,False,True
824,1,3,0,27.0,0,1,2,0,2,12.475,6.2375,6.2375,E121,5.0,1,False,False,False,True,False,False,False,True
825,0,3,1,2.0,4,1,6,0,6,39.6875,6.614583333333333,6.614583333333333,,0.0,0,True,False,False,False,False,False,False,True
826,0,3,1,28.0,0,0,1,1,1,6.95,6.95,6.95,,0.0,0,False,False,True,False,False,False,True,False
827,0,3,1,28.0,0,0,1,1,7,56.4958,56.4958,8.070828571428573,,0.0,0,False,False,True,False,False,False,False,True
828,1,2,1,1.0,0,2,3,0,2,37.0042,12.334733333333332,18.5021,,0.0,0,True,False,False,False,False,True,False,False
829,1,3,1,28.0,0,0,1,1,1,7.75,7.75,7.75,,0.0,0,False,False,True,False,False,False,True,False
830,1,1,0,62.0,0,0,1,1,2,80.0,80.0,40.0,B28,2.0,1,False,False,False,True,False,False,False,True
831,1,3,0,15.0,1,0,2,0,2,14.4542,7.2271,7.2271,,0.0,0,False,False,False,True,False,True,False,False
832,1,2,1,0.83,1,1,3,0,3,18.75,6.25,6.25,,0.0,0,True,False,False,False,False,False,False,True
833,0,3,1,28.0,0,0,1,1,1,7.2292,7.2292,7.2292,,0.0,0,False,False,True,False,False,True,False,False
834,0,3,1,23.0,0,0,1,1,1,7.8542,7.8542,7.8542,,0.0,0,False,False,True,False,False,False,False,True
835,0,3,1,18.0,0,0,1,1,1,8.3,8.3,8.3,,0.0,0,False,False,True,False,False,False,False,True
836,1,1,0,39.0,1,1,3,0,1,83.1583,27.71943333333333,83.1583,E49,5.0,1,False,True,False,False,False,True,False,False
837,0,3,1,21.0,0,0,1,1,1,8.6625,8.6625,8.6625,,0.0,0,False,False,True,False,False,False,False,True
838,0,3,1,28.0,0,0,1,1,1,8.05,8.05,8.05,,0.0,0,False,False,True,False,False,False,False,True
839,1,3,1,32.0,0,0,1,1,7,56.4958,56.4958,8.070828571428573,,0.0,0,False,False,True,False,False,False,False,True
840,1,1,1,28.0,0,0,1,1,1,29.7,29.7,29.7,C47,3.0,1,False,False,True,False,False,True,False,False
841,0,3,1,20.0,0,0,1,1,1,7.925,7.925,7.925,,0.0,0,False,False,True,False,False,False,False,True
842,0,2,1,16.0,0,0,1,1,2,10.5,10.5,5.25,,0.0,0,False,False,True,False,False,False,False,True
843,1,1,0,30.0,0,0,1,1,2,31.0,31.0,15.5,,0.0,0,False,True,False,False,False,True,False,False
844,0,3,1,34.5,0,0,1,1,1,6.4375,6.4375,6.4375,,0.0,0,False,False,True,False,False,True,False,False
845,0,3,1,17.0,0,0,1,1,1,8.6625,8.6625,8.6625,,0.0,0,False,False,True,False,False,False,False,True
846,0,3,1,42.0,0,0,1,1,1,7.55,7.55,7.55,,0.0,0,False,False,True,False,False,False,False,True
847,0,3,1,28.0,8,2,11,0,7,69.55,6.322727272727272,9.935714285714285,,0.0,0,False,False,True,False,False,False,False,True
848,0,3,1,35.0,0,0,1,1,1,7.8958,7.8958,7.8958,,0.0,0,False,False,True,False,False,True,False,False
849,0,2,1,28.0,0,1,2,0,3,33.0,16.5,11.0,,0.0,0,False,False,False,False,True,False,False,True
850,1,1,0,28.0,1,0,2,0,2,89.1042,44.5521,44.5521,C92,3.0,1,False,False,False,True,False,True,False,False
851,0,3,1,4.0,4,2,7,0,7,31.275,4.4678571428571425,4.4678571428571425,,0.0,0,True,False,False,False,False,False,False,True
852,0,3,1,74.0,0,0,1,1,1,7.775,7.775,7.775,,0.0,0,False,False,True,False,False,False,False,True
853,0,3,0,9.0,1,1,3,0,2,15.2458,5.081933333333333,7.6229,,0.0,0,False,True,False,False,False,True,False,False
854,1,1,0,16.0,0,1,2,0,1,39.4,19.7,39.4,D28,4.0,1,False,True,False,False,False,False,False,True
855,0,2,0,44.0,1,0,2,0,2,26.0,13.0,13.0,,0.0,0,False,False,False,True,False,False,False,True
856,1,3,0,18.0,0,1,2,0,1,9.35,4.675,9.35,,0.0,0,False,False,False,True,False,False,False,True
857,1,1,0,45.0,1,1,3,0,2,164.8667,54.95556666666667,82.43335,,0.0,0,False,False,False,True,False,False,False,True
858,1,1,1,51.0,0,0,1,1,1,26.55,26.55,26.55,E17,5.0,1,False,False,True,False,False,False,False,True
859,1,3,0,24.0,0,3,4,0,4,19.2583,4.814575,4.814575,,0.0,0,False,False,False,True,False,True,False,False
860,0,3,1,28.0,0,0,1,1,1,7.2292,7.2292,7.2292,,0.0,0,False,False,True,False,False,True,False,False
861,0,3,1,41.0,2,0,3,0,1,14.1083,4.702766666666666,14.1083,,0.0,0,False,False,True,False,False,False,False,True
862,0,2,1,21.0,1,0,2,0,1,11.5,5.75,11.5,,0.0,0,False,False,True,False,False,False,False,True
863,1,1,0,48.0,0,0,1,1,1,25.9292,25.9292,25.9292,D17,4.0,1,False,False,False,True,False,False,False,True
864,0,3,0,28.0,8,2,11,0,7,69.55,6.322727272727272,9.935714285714285,,0.0,0,False,True,False,False,False,False,False,True
865,0,2,1,24.0,0,0,1,1,1,13.0,13.0,13.0,,0.0,0,False,False,True,False,False,False,False,True
866,1,2,0,42.0,0,0,1,1,1,13.0,13.0,13.0,,0.0,0,False,False,False,True,False,False,False,True
867,1,2,0,27.0,1,0,2,0,1,13.8583,6.92915,13.8583,,0.0,0,False,True,False,False,False,True,False,False
868,0,1,1,31.0,0,0,1,1,1,50.4958,50.4958,50.4958,A24,1.0,1,False,False,True,False,False,False,False,True
869,0,3,1,28.0,0,0,1,1,1,9.5,9.5,9.5,,0.0,0,False,False,True,False,False,False,False,True
870,1,3,1,4.0,1,1,3,0,3,11.1333,3.7111,3.7111,,0.0,0,True,False,False,False,False,False,False,True
871,0,3,1,26.0,0,0,1,1,1,7.8958,7.8958,7.8958,,0.0,0,False,False,True,False,False,False,False,True
872,1,1,0,47.0,1,1,3,0,2,52.5542,17.518066666666666,26.2771,D35,4.0,1,False,False,False,True,False,False,False,True
873,0,1,1,33.0,0,0,1,1,1,5.0,5.0,5.0,B51 B53 B55,2.0,1,False,False,True,False,False,False,False,True
874,0,3,1,47.0,0,0,1,1,1,9.0,9.0,9.0,,0.0,0,False,False,True,False,False,False,False,True
875,1,2,0,28.0,1,0,2,0,2,24.0,12.0,12.0,,0.0,0,False,False,False,True,False,True,False,False
876,1,3,0,15.0,0,0,1,1,1,7.225,7.225,7.225,,0.0,0,False,True,False,False,False,True,False,False
877,0,3,1,20.0,0,0,1,1,2,9.8458,9.8458,4.9229,,0.0,0,False,False,True,False,False,False,False,True
878,0,3,1,19.0,0,0,1,1,1,7.8958,7.8958,7.8958,,0.0,0,False,False,True,False,False,False,False,True
879,0,3,1,28.0,0,0,1,1,1,7.8958,7.8958,7.8958,,0.0,0,False,False,True,False,False,False,False,True
880,1,1,0,56.0,0,1,2,0,2,83.1583,41.57915,41.57915,C50,3.0,1,False,False,False,True,False,True,False,False
881,1,2,0,25.0,0,1,2,0,2,26.0,13.0,13.0,,0.0,0,False,False,False,True,False,False,False,True
882,0,3,1,33.0,0,0,1,1,1,7.8958,7.8958,7.8958,,0.0,0,False,False,True,False,False,False,False,True
883,0,3,0,22.0,0,0,1,1,1,10.5167,10.5167,10.5167,,0.0,0,False,True,False,False,False,False,False,True
884,0,2,1,28.0,0,0,1,1,1,10.5,10.5,10.5,,0.0,0,False,False,True,False,False,False,False,True
885,0,3,1,25.0,0,0,1,1,1,7.05,7.05,7.05,,0.0,0,False,False,True,False,False,False,False,True
886,0,3,0,39.0,0,5,6,0,5,29.125,4.854166666666667,5.825,,0.0,0,False,False,False,True,False,False,True,False
887,0,2,1,27.0,0,0,1,1,1,13.0,13.0,13.0,,0.0,0,False,False,False,False,True,False,False,True
888,1,1,0,19.0,0,0,1,1,1,30.0,30.0,30.0,B42,2.0,1,False,True,False,False,False,False,False,True
889,0,3,0,28.0,1,2,4,0,2,23.45,5.8625,11.725,,0.0,0,False,True,False,False,False,False,False,True
890,1,1,1,26.0,0,0,1,1,1,30.0,30.0,30.0,C148,3.0,1,False,False,True,False,False,True,False,False
891,0,3,1,32.0,0,0,1,1,1,7.75,7.75,7.75,,0.0,0,False,False,True,False,False,False,True,False
